date,Solar (Rooftop) -  GWh,Solar (Utility) -  GWh,Wind -  GWh,Battery (Discharging) -  GWh,Gas (Reciprocating) -  GWh,Gas (OCGT) -  GWh,Gas (CCGT) -  GWh,Gas (Steam) -  GWh,Distillate -  GWh,Imports -  GWh,Exports -  GWh,Battery (Charging) -  GWh,Temperature Min - C,Temperature Mean - C,Temperature Max - C,Volume Weighted Price - AUD/MWh,Solar (Rooftop) Market Value - AUD,Solar (Utility) Market Value - AUD,Wind Market Value - AUD,Battery (Discharging) Market Value - AUD,Gas (Reciprocating) Market Value - AUD,Gas (OCGT) Market Value - AUD,Gas (CCGT) Market Value - AUD,Gas (Steam) Market Value - AUD,Distillate Market Value - AUD,Imports Market Value - AUD,Exports Market Value - AUD,Battery (Charging) Market Value - AUD
2018-12-31 00:00,6.30,1.17,11.08,0.11,0.00,0.58,6.77,2.09,0.01,8.46,-0.01,-0.12,0.00,0.00,0.00,92.66,659180.99,119089.36,961683.95,10373.13,0.00,55419.00,618116.89,197236.82,682.10,-841271.75,840.29,11767.69
2019-01-01 00:00,6.21,1.27,14.30,0.11,0.00,0.09,9.53,2.13,0.02,2.19,-0.30,-0.16,13.40,22.06,32.20,80.35,511869.83,103524.97,1165264.77,9516.60,0.00,8580.73,765417.59,171715.87,1539.81,-160972.25,28634.51,11254.92
2019-01-02 00:00,6.06,1.19,15.92,0.10,0.00,0.59,12.02,4.18,0.01,2.53,-1.04,-0.16,15.50,24.29,33.10,94.29,664264.59,129488.74,1341166.91,10586.94,0.00,65954.57,1166162.17,425836.09,979.11,-290695.59,81877.69,13898.40
2019-01-03 00:00,5.87,1.21,11.21,0.08,0.00,2.50,13.79,10.49,0.03,8.16,-1.15,-0.11,19.30,31.44,40.90,154.53,855467.19,184250.52,1050310.49,20202.60,0.00,553800.57,1971736.30,1927119.16,10176.13,-1513838.22,77487.13,7897.27
2019-01-04 00:00,5.62,0.94,23.27,0.12,0.00,0.00,13.24,5.72,0.01,0.70,-5.61,-0.15,17.40,24.74,32.90,96.37,764488.39,122945.10,2188845.52,16360.49,0.00,0.00,1337528.11,594779.28,1552.03,-53685.69,606567.03,9257.14
2019-01-05 00:00,5.96,1.12,16.00,0.12,0.00,0.00,5.59,2.37,0.00,5.00,-2.89,-0.15,15.20,18.91,22.40,87.93,439196.86,81666.31,1298672.21,11296.49,0.00,0.00,493083.25,209935.91,40.09,-480043.54,173856.91,9748.41
2019-01-06 00:00,6.27,1.30,10.10,0.13,0.00,0.00,9.04,1.93,0.00,3.76,-0.08,-0.16,13.30,19.02,26.70,69.84,375705.61,80161.96,717602.98,8858.76,0.00,0.00,618284.38,131514.25,31.61,-276137.26,4865.73,10640.96
2019-01-07 00:00,4.93,1.03,8.68,0.15,0.00,0.57,12.55,2.97,0.01,5.46,0.00,-0.16,13.20,20.41,27.30,93.10,438473.53,92996.18,754531.16,15570.91,0.00,62870.27,1198743.92,285874.65,659.54,-514088.82,0.00,12500.14
2019-01-08 00:00,6.28,1.29,10.94,0.13,0.00,0.51,14.83,3.52,0.00,3.04,-3.65,-0.16,12.80,19.48,23.70,103.84,594722.98,126281.40,1012344.33,12883.87,0.00,60927.12,1552249.14,374388.07,48.21,-355844.04,319587.17,15204.89
2019-01-09 00:00,6.23,1.27,12.69,0.10,0.00,0.00,14.53,5.98,0.00,0.47,-5.70,-0.15,14.30,18.75,25.10,83.42,543931.56,111434.01,1033260.09,9374.97,0.00,0.00,1229202.71,517548.93,38.87,-34650.06,488055.74,11565.48
2019-01-10 00:00,5.00,1.21,13.35,0.09,0.00,0.17,14.15,7.27,0.00,0.93,-5.31,-0.13,13.80,21.12,29.10,91.27,492191.04,119493.36,1053644.88,8978.37,0.00,23388.49,1303551.25,708900.48,42.91,-109434.15,416431.61,10137.06
2019-01-11 00:00,5.23,1.01,13.22,0.09,0.00,1.81,13.06,10.10,0.00,2.48,-1.22,-0.12,16.60,29.34,37.40,121.79,695940.10,130803.48,1136232.08,15973.34,0.00,293016.69,1598435.96,1431253.20,52.26,-442012.15,105259.97,9090.38
2019-01-12 00:00,6.15,1.25,21.52,0.13,0.00,0.95,10.02,5.19,0.00,0.86,-5.06,-0.15,17.70,25.29,31.80,79.79,572449.36,115049.25,1669299.45,11524.82,0.00,86732.06,823879.94,437300.39,37.29,-68084.87,431511.40,11095.94
2019-01-13 00:00,6.22,1.27,21.63,0.10,0.00,0.38,9.81,5.34,0.00,0.13,-6.41,-0.13,13.90,24.17,34.60,74.62,357834.31,77829.97,1356067.01,10155.26,0.00,43194.47,777952.23,464231.56,31.42,-10447.03,331074.33,7223.05
2019-01-14 00:00,5.81,1.21,11.07,0.11,0.00,2.47,14.97,15.48,0.02,0.69,-1.61,-0.15,17.60,28.77,38.30,180.49,1324413.36,256147.59,1712480.95,23266.69,0.00,532266.25,2586060.08,3061916.20,3315.44,-118564.85,269163.91,16370.70
2019-01-15 00:00,5.18,0.95,11.19,0.11,0.00,4.11,15.25,18.95,0.06,2.17,-3.02,-0.17,21.70,30.97,41.70,213.06,1310599.10,235376.00,2051069.77,30898.43,0.00,1009130.19,3067737.10,4185801.39,12985.84,-584726.63,580956.09,25179.05
2019-01-16 00:00,2.41,0.67,13.08,0.12,0.00,3.87,15.27,16.47,0.06,3.49,-2.21,-0.11,21.70,30.57,39.60,196.01,485673.47,127620.70,2323999.32,27239.19,0.00,812260.06,2919473.14,3306546.31,9638.10,-793265.12,366000.38,16118.70
2019-01-17 00:00,3.27,0.89,18.32,0.07,0.00,2.48,15.11,16.47,0.00,1.63,-4.18,-0.16,24.40,30.63,38.70,160.00,594962.44,151627.80,2739159.17,14780.38,0.00,452808.07,2348106.12,2768536.54,72.31,-314816.17,655003.76,19261.75
2019-01-18 00:00,2.44,0.36,15.74,0.10,0.00,0.77,15.26,7.46,0.06,1.86,-2.42,-0.07,18.30,23.58,28.00,134.46,349686.93,54029.31,1944691.48,15072.41,0.00,100852.86,2040705.07,1039093.20,9484.63,-307484.37,241923.09,7756.86
2019-01-19 00:00,5.69,1.00,18.34,0.11,0.00,0.00,12.90,3.00,0.00,0.30,-4.90,-0.13,15.50,21.38,28.20,76.14,422200.46,74010.62,1365470.77,9240.99,0.00,69.76,978663.16,229050.74,35.09,-30252.10,345645.76,9211.96
2019-01-20 00:00,5.93,0.89,14.10,0.11,0.00,0.94,11.15,4.10,0.00,1.18,-1.71,-0.14,16.70,24.07,32.00,90.11,481657.33,79899.26,1086784.15,10775.25,0.00,115899.21,1057904.86,404186.67,39.27,-110351.12,92810.02,8756.75
2019-01-21 00:00,5.42,0.87,9.03,0.15,0.00,1.87,14.80,8.22,0.15,6.64,-0.14,-0.19,20.40,27.26,34.40,200.38,1268985.84,200545.59,1495765.04,42291.81,0.00,472260.81,2833498.42,1809449.63,38066.49,-1466653.43,18846.22,28052.51
2019-01-22 00:00,5.44,0.79,8.56,0.08,0.00,3.96,15.29,13.67,0.12,7.27,-0.52,-0.11,21.60,29.91,37.90,290.77,1883031.91,324353.18,2386618.36,57046.82,0.00,1521977.26,4144674.36,4325959.16,156128.73,-1655963.86,323015.35,14805.94
2019-01-23 00:00,5.61,1.03,17.72,0.07,0.00,2.76,15.23,13.31,0.09,5.13,-2.72,-0.12,24.30,32.14,40.30,162.10,1072205.35,189361.95,2554902.21,14467.84,0.00,506108.14,2397921.54,2160151.11,17027.77,-1012264.46,333814.20,14363.84
2019-01-24 00:00,5.38,1.38,16.88,0.11,0.00,5.77,14.76,18.77,2.13,3.22,-2.33,-0.15,31.50,38.12,46.20,4099.90,15800809.74,5552040.07,17868734.81,1263692.66,0.00,44722128.18,51122180.49,98543297.69,25614417.87,-5847154.29,2438287.78,118733.13
2019-01-25 00:00,2.92,1.27,14.47,0.11,0.00,5.45,15.16,16.82,0.44,1.32,-8.73,-0.13,21.00,24.40,29.80,571.96,3669610.68,1500679.62,5346827.05,254647.70,0.00,5878715.18,8470400.06,10089754.92,1363561.58,-278053.72,6641051.97,24824.57
2019-01-26 00:00,4.90,1.00,11.12,0.15,0.00,0.01,14.99,12.48,0.00,0.04,-7.38,-0.16,17.20,21.58,25.80,134.11,468956.47,95822.40,1063971.24,19503.53,0.00,1721.06,2068805.06,1832696.26,62.84,-9337.19,750293.25,16115.25
2019-01-27 00:00,5.58,0.59,8.25,0.12,0.00,0.00,14.22,8.02,0.00,0.30,-3.59,-0.15,16.00,20.49,25.00,83.11,365729.14,38920.00,658603.92,10623.14,0.00,0.00,1172167.56,681647.69,37.65,-24389.02,265606.76,9285.95
2019-01-28 00:00,5.97,1.24,7.60,0.07,0.00,1.10,15.02,9.91,0.02,0.18,-5.45,-0.14,14.40,21.37,28.50,133.93,837580.30,182558.78,990042.76,15013.17,0.00,201672.30,1928675.48,1500883.27,4087.97,-17657.63,872907.45,15456.40
2019-01-29 00:00,5.78,1.23,6.42,0.09,0.00,3.14,15.46,15.09,0.00,0.31,-5.11,-0.11,15.90,23.62,31.80,160.59,1135824.97,238539.35,963271.01,22678.26,0.00,598243.05,2422453.74,2549894.41,72.99,-36430.58,961210.01,12936.60
2019-01-30 00:00,5.63,1.20,19.66,0.16,0.00,2.43,15.08,11.29,0.00,0.10,-8.06,-0.15,17.20,26.07,38.30,156.79,1172200.42,238012.82,3008046.24,27932.75,0.00,421915.71,2309201.56,1836281.43,70.00,-15278.84,1288310.44,22593.90
2019-01-31 00:00,5.45,1.24,20.14,0.09,0.00,0.09,13.59,6.89,0.00,0.00,-8.61,-0.11,16.20,19.82,24.80,95.22,513295.27,116819.49,1849178.28,8565.06,0.00,13805.56,1312947.99,666851.50,42.61,0.00,789208.55,9313.13
2019-02-01 00:00,6.03,1.18,22.43,0.11,0.00,1.60,10.57,4.14,0.00,0.00,-8.66,-0.14,14.90,21.40,28.90,107.49,577443.46,116276.94,2313054.67,14698.90,0.00,206250.38,1132792.33,443988.49,423.70,0.00,850430.03,11779.35
2019-02-02 00:00,5.57,1.16,6.36,0.11,0.00,3.43,13.54,8.94,0.10,3.74,-0.66,-0.15,15.10,27.51,37.20,256.53,1320263.78,272510.26,1142334.46,41484.52,0.00,1085745.72,3281505.47,2552718.19,78809.99,-1067819.31,95656.62,31811.47
2019-02-03 00:00,5.39,1.14,18.90,0.07,0.00,1.84,15.06,7.12,0.00,0.77,-4.81,-0.11,22.00,28.50,36.70,163.88,1120178.58,233980.75,2915050.79,12897.15,0.00,305691.46,2468457.32,1241838.02,76.31,-129167.20,728457.22,13785.02
2019-02-04 00:00,5.41,1.06,23.02,0.10,0.00,0.00,14.05,5.21,0.01,0.00,-7.97,-0.13,18.40,21.29,26.40,95.40,537251.47,107308.24,2167163.39,10430.39,0.00,0.00,1356130.55,503431.72,1500.28,0.00,763552.40,11425.78
2019-02-05 00:00,5.73,1.18,25.48,0.10,0.00,0.54,11.14,3.96,0.02,0.00,-6.77,-0.12,16.40,22.88,30.40,80.29,397811.93,86181.30,1820474.66,9765.49,0.00,59146.30,973515.28,329668.98,1806.82,-306.92,409057.87,5370.60
2019-02-06 00:00,4.70,0.94,9.40,0.09,0.00,2.06,14.72,8.75,0.01,3.51,-1.12,-0.14,20.00,24.58,30.10,138.94,889175.27,172294.03,1157372.96,16619.75,0.00,333161.36,2067434.68,1319228.56,1083.55,-422266.72,158672.91,14168.96
2019-02-07 00:00,5.56,1.09,12.60,0.15,0.00,2.25,14.81,6.62,0.01,2.22,-2.15,-0.16,18.20,23.76,31.20,142.18,896182.88,172422.55,1575889.95,28193.34,0.00,345915.18,2137454.53,996379.91,941.26,-353281.03,273147.16,17742.26
2019-02-08 00:00,4.82,1.12,22.14,0.14,0.00,0.24,13.13,3.92,0.00,0.00,-7.99,-0.16,17.50,19.68,22.80,88.21,386219.54,84644.78,1767641.55,13046.92,0.00,32156.59,1198867.69,386677.30,40.81,0.00,602912.37,9343.16
2019-02-09 00:00,4.80,0.87,25.98,0.15,0.00,0.00,5.55,2.37,0.00,0.72,-6.65,-0.21,15.60,18.49,21.70,48.92,20906.37,10658.05,1011129.58,9630.97,0.00,0.00,314664.71,122420.72,20.62,-75652.25,117367.83,4473.78
2019-02-10 00:00,4.10,1.08,5.20,0.12,0.00,0.33,10.35,3.62,0.00,8.21,-0.80,-0.13,15.20,18.60,22.10,98.17,293348.05,81933.64,493743.56,11880.80,0.00,43978.42,999385.17,380900.49,43.93,-803123.15,58483.31,10917.78
2019-02-11 00:00,3.89,1.00,18.61,0.11,0.00,0.47,10.25,4.98,0.01,3.18,-5.36,-0.14,18.80,20.92,24.00,93.76,287642.53,76609.40,1559666.42,10681.68,0.00,52364.83,977170.84,484807.13,606.54,-359673.02,408353.97,11425.49
2019-02-12 00:00,3.74,0.67,31.78,0.12,0.00,0.01,7.10,1.53,0.00,0.06,-8.76,-0.20,13.80,17.20,20.50,38.06,-58182.36,-3661.94,1114513.50,5760.04,0.00,348.29,244089.56,62154.09,15.31,-5574.88,186885.63,1492.32
2019-02-13 00:00,4.73,0.91,12.57,0.11,0.00,0.79,10.82,2.58,0.00,3.22,-0.04,-0.13,11.90,16.78,20.70,89.53,428631.20,84809.36,994194.12,10937.16,0.00,86290.09,1050249.96,241888.95,40.60,-310871.75,3951.56,9125.98
2019-02-14 00:00,5.76,1.20,6.24,0.10,0.00,0.60,15.44,2.84,0.00,3.97,-0.56,-0.10,11.70,17.60,22.40,114.81,563538.17,122544.38,724208.75,12598.48,0.00,72261.10,1737486.15,336560.14,51.56,-475098.91,56336.69,9834.40
2019-02-15 00:00,5.72,1.12,10.64,0.11,0.00,1.08,15.28,3.24,0.00,0.95,-1.15,-0.15,12.50,20.56,27.80,114.26,648615.64,130133.63,1189203.22,12957.17,0.00,124559.84,1742560.57,382965.75,50.62,-114929.18,126173.79,13919.07
2019-02-16 00:00,5.67,1.17,6.27,0.12,0.00,1.46,13.68,3.46,0.01,4.10,-0.02,-0.15,15.00,22.52,29.40,140.14,577488.38,125618.08,920027.13,19538.68,0.00,212490.87,1830055.82,511305.93,2832.64,-618733.07,1895.69,21294.68
2019-02-17 00:00,4.02,1.11,5.54,0.04,0.00,1.29,12.55,4.34,0.00,8.49,0.00,-0.11,15.80,25.56,34.60,122.68,468392.22,128995.64,589033.06,4445.27,0.00,183922.68,1551446.22,579716.51,54.83,-1052190.20,0.00,12614.61
2019-02-18 00:00,5.07,1.11,17.07,0.12,0.00,0.20,14.65,2.58,0.01,2.44,-4.92,-0.12,15.70,20.76,26.00,98.61,460193.37,104072.28,1635274.81,12436.97,0.00,24815.82,1440653.07,259918.39,699.34,-242946.87,442341.80,11019.76
2019-02-19 00:00,5.04,1.19,8.98,0.12,0.00,0.18,14.96,3.19,0.00,2.94,-0.76,-0.14,15.10,18.74,21.90,108.19,557955.74,133208.61,922548.79,14988.27,0.00,20445.54,1633506.93,358013.86,50.02,-331609.42,83095.63,12349.58
2019-02-20 00:00,4.95,1.19,7.49,0.08,0.00,0.46,15.62,5.28,0.00,2.90,-1.41,-0.11,14.50,18.57,22.80,113.41,518015.21,128196.27,839012.78,9080.34,0.00,54405.38,1756908.79,612513.24,50.22,-320980.51,138108.85,12225.87
2019-02-21 00:00,5.27,1.17,11.86,0.09,0.00,0.02,15.40,6.96,0.00,0.25,-3.24,-0.14,14.30,19.01,26.00,108.37,572188.21,128681.49,1272182.97,10128.07,0.00,2553.29,1664852.20,775807.70,49.02,-19987.05,352562.01,13300.04
2019-02-22 00:00,5.58,1.16,17.42,0.12,0.00,0.04,14.42,5.38,0.00,0.15,-4.80,-0.14,13.60,22.15,31.40,95.60,555351.83,115200.51,1632644.19,12023.77,0.00,3731.96,1385186.78,526665.82,42.01,-15818.77,453483.35,11692.29
2019-02-23 00:00,5.51,1.15,20.75,0.11,0.00,1.07,6.46,4.57,0.00,1.34,-1.90,-0.14,18.40,26.20,32.10,78.57,353570.07,79068.12,1506538.13,10847.91,0.00,111586.50,545894.19,403512.51,34.82,-103442.92,124564.01,8975.83
2019-02-24 00:00,5.39,1.11,13.75,0.09,0.00,1.11,7.75,8.75,0.00,5.19,-0.23,-0.10,18.90,29.25,36.10,92.99,487036.15,102898.40,1015761.81,10583.64,0.00,141238.06,889810.05,918325.18,39.58,-435626.97,23889.22,5288.88
2019-02-25 00:00,5.08,1.10,14.20,0.08,0.00,2.73,13.49,12.50,0.05,3.22,-0.94,-0.11,26.30,31.19,37.00,142.71,867703.33,189222.69,1503688.29,17257.76,0.00,544532.91,1941309.41,1981138.61,12111.49,-529200.51,87283.30,5991.27
2019-02-26 00:00,5.08,1.08,15.14,0.09,0.00,2.08,14.54,7.64,0.00,6.20,0.00,-0.12,20.60,29.13,36.20,122.38,719004.77,151041.44,1739237.24,11595.04,0.00,277233.48,1793741.02,959250.08,53.91,-787996.48,0.00,10574.94
2019-02-27 00:00,5.31,1.06,10.49,0.09,0.00,2.52,13.56,10.33,0.04,9.51,0.00,-0.13,21.20,28.67,36.80,146.82,930449.61,190713.43,943850.86,18524.67,0.00,500055.06,1969561.66,1761970.36,10942.59,-1579441.35,0.00,9057.76
2019-02-28 00:00,4.99,0.98,8.20,0.08,0.00,2.94,14.75,11.90,0.56,8.18,0.00,-0.11,20.00,27.96,36.20,170.17,996654.38,188248.94,1065224.20,18222.69,0.00,685801.44,2404076.46,2315575.02,145487.00,-1269220.11,0.00,10729.91
2019-03-01 00:00,5.15,1.05,16.48,0.10,0.00,3.79,13.65,12.23,0.75,4.06,-0.88,-0.14,21.20,32.15,40.00,1227.26,9065950.12,2174518.54,6914026.45,519715.93,0.00,10542877.97,15310696.72,20641430.03,4149090.65,-2072780.13,95371.84,15307.84
2019-03-02 00:00,5.06,0.96,19.34,0.13,0.00,2.88,12.20,11.66,0.05,5.23,-1.45,-0.14,25.70,33.15,39.70,140.77,848822.70,167945.70,1562601.95,26682.89,0.00,643841.24,1827930.94,1980990.72,10749.25,-991672.28,54413.40,8807.23
2019-03-03 00:00,3.37,0.96,13.55,0.10,0.00,1.12,13.43,9.68,0.00,2.67,-1.41,-0.17,20.00,25.82,31.00,146.46,620654.88,169978.36,1816563.88,21872.98,0.00,229319.07,2002086.21,1451918.55,619.61,-342999.93,172372.51,19063.43
2019-03-04 00:00,4.83,0.76,8.17,0.09,0.00,2.50,14.08,6.93,0.00,6.11,-0.49,-0.10,17.60,23.73,30.00,141.14,695371.91,107491.40,1180610.48,14485.54,0.00,365411.44,1992745.89,986298.60,561.97,-810834.97,74817.28,12142.93
2019-03-05 00:00,4.79,1.00,13.19,0.10,0.00,1.05,14.81,5.30,0.01,2.80,-4.45,-0.12,15.50,19.15,23.40,116.01,520963.06,105915.77,1193024.53,10865.91,0.00,142674.63,1768261.70,672119.90,1399.87,-422424.77,401310.81,13463.87
2019-03-06 00:00,4.26,1.20,21.54,0.13,0.00,0.52,8.54,3.16,0.02,0.47,-4.61,-0.18,13.20,16.81,20.50,76.51,253800.91,76778.30,1441202.33,12684.35,0.00,58042.66,733963.47,245535.29,1687.51,-58019.49,254659.32,7528.70
2019-03-07 00:00,5.28,1.25,9.13,0.12,0.00,0.71,13.76,4.82,0.02,2.24,-2.49,-0.14,10.80,17.83,25.10,100.41,372386.29,90323.49,797577.58,12078.08,0.00,89709.26,1374029.10,529751.01,1762.82,-266685.97,195298.23,11325.70
2019-03-08 00:00,2.82,0.80,5.15,0.14,0.00,0.76,13.82,5.94,0.01,5.64,-0.18,-0.15,15.00,21.33,26.40,121.45,286172.95,81681.44,593398.66,21171.78,0.00,93239.19,1666746.66,760021.62,2269.24,-690355.30,17166.02,14820.34
2019-03-09 00:00,5.10,1.17,4.91,0.13,0.00,2.75,14.26,3.02,0.00,5.48,-1.69,-0.15,16.30,21.60,26.80,104.23,370732.86,89296.40,393289.43,14435.01,0.00,300278.57,1483884.95,325869.25,47.22,-628718.47,108257.35,13282.99
2019-03-10 00:00,2.72,0.94,13.20,0.13,0.00,0.24,10.06,4.22,0.00,4.94,-2.68,-0.15,18.60,21.65,25.40,77.57,142072.87,51010.29,870979.79,10484.50,0.00,25285.25,868726.63,325787.34,35.64,-422380.64,166138.34,10550.13
2019-03-11 00:00,3.95,0.88,12.87,0.11,0.00,0.19,13.88,2.43,0.00,2.51,-4.14,-0.15,18.80,20.39,22.80,78.79,256086.50,56786.92,911402.87,8966.36,0.00,12815.46,1105356.07,194600.44,35.71,-225390.51,253700.52,11199.48
2019-03-12 00:00,4.76,1.16,14.73,0.10,0.00,0.74,12.38,3.49,0.00,0.87,-2.86,-0.16,14.70,18.52,21.10,77.41,331618.50,82990.65,982766.16,8263.90,0.00,74583.06,1015022.61,322467.92,34.31,-83175.62,201269.77,11030.19
2019-03-13 00:00,4.30,0.98,5.74,0.12,0.00,1.78,15.73,8.66,0.01,0.89,-2.60,-0.10,12.60,16.91,21.20,119.45,483058.32,111315.93,675146.46,15515.47,0.00,204967.64,1857674.96,1042274.23,1562.61,-114307.49,287933.56,10235.82
2019-03-14 00:00,5.48,1.28,6.96,0.10,0.00,0.55,15.54,10.75,0.00,0.30,-3.83,-0.14,11.00,17.88,24.00,120.46,572215.30,135774.51,817500.15,14330.01,0.00,78956.69,1843083.79,1294968.85,50.42,-36888.29,414385.19,16423.24
2019-03-15 00:00,5.34,1.26,13.18,0.10,0.00,0.42,14.72,5.53,0.00,0.32,-3.54,-0.12,12.40,19.36,26.60,95.80,600285.80,140558.63,1141087.34,10547.22,0.00,44120.90,1449963.41,557123.36,44.94,-34251.62,312901.11,11105.49
2019-03-16 00:00,5.30,1.30,10.89,0.11,0.00,0.59,13.58,3.57,0.00,1.48,-1.87,-0.12,14.20,21.84,27.80,97.09,489066.59,124364.94,895961.63,12450.93,0.00,76153.42,1338734.73,388393.69,43.98,-154694.28,112609.09,9109.56
2019-03-17 00:00,5.18,1.29,7.51,0.10,0.00,0.52,14.86,3.98,0.00,2.28,-0.33,-0.12,15.00,22.44,30.70,106.20,538192.67,137552.27,797520.22,12570.42,0.00,58596.50,1568280.83,440247.15,48.77,-230632.57,36135.26,11668.58
2019-03-18 00:00,4.85,1.28,9.21,0.11,0.00,1.68,13.67,7.53,0.01,2.40,-0.34,-0.14,15.00,22.72,29.90,111.78,632688.24,169076.42,870115.94,15024.25,0.00,216435.63,1522160.98,916312.18,1903.30,-293637.99,28023.00,11470.56
2019-03-19 00:00,5.04,1.36,9.68,0.11,0.00,0.49,14.81,8.80,0.01,2.31,-2.07,-0.15,15.60,22.05,28.50,114.27,538736.55,147850.07,1080650.95,12545.00,0.00,55833.65,1680500.58,1023608.70,1173.99,-275546.15,224112.19,14981.22
2019-03-20 00:00,4.87,1.35,6.21,0.14,0.00,1.41,15.33,8.52,0.00,4.71,-1.11,-0.18,17.20,22.14,26.90,130.92,635499.59,177358.37,740085.80,22098.91,0.00,207016.82,2008557.24,1133365.13,55.16,-622110.44,130759.94,18961.42
2019-03-21 00:00,3.96,1.26,16.51,0.09,0.00,1.21,15.13,9.53,0.20,0.20,-6.83,-0.14,16.50,21.45,28.20,102.57,451822.06,143506.42,1645762.81,10040.71,0.00,131373.82,1548853.72,1023152.99,21532.76,-18977.02,718350.87,14654.92
2019-03-22 00:00,4.63,1.35,12.40,0.10,0.00,1.18,14.75,10.28,0.22,1.93,-4.59,-0.12,15.70,22.91,31.90,106.30,510945.85,147249.79,1206430.43,11589.78,0.00,136178.75,1566212.56,1125946.47,21859.35,-229391.39,445129.78,11791.25
2019-03-23 00:00,3.50,0.65,8.50,0.12,0.00,0.82,14.12,5.63,0.00,4.49,-1.37,-0.13,18.80,21.46,24.40,101.89,324717.57,61661.19,815579.29,13163.27,0.00,94011.66,1453401.49,609950.74,46.84,-449877.19,140448.26,12521.99
2019-03-24 00:00,2.52,0.61,19.17,0.13,0.00,0.01,10.74,2.82,0.00,2.98,-5.01,-0.13,17.60,21.32,25.40,94.86,196702.46,48615.28,1569985.38,11902.70,0.00,791.86,1116721.35,272235.70,44.25,-357660.29,396573.36,12185.97
2019-03-25 00:00,3.65,1.36,26.72,0.16,0.00,0.29,7.22,2.76,0.00,0.13,-6.44,-0.21,13.10,16.37,18.80,75.61,244939.88,95608.38,1921971.12,14257.34,0.00,29311.70,574352.70,223840.36,32.88,-12723.62,432489.48,10483.11
2019-03-26 00:00,3.90,1.28,6.39,0.10,0.00,1.57,14.52,3.46,0.01,4.33,-0.25,-0.12,13.60,17.09,20.40,100.64,357165.41,120168.74,610896.81,11648.06,0.00,180807.27,1467311.19,366965.91,1706.57,-424305.09,23517.97,10118.79
2019-03-27 00:00,4.94,1.45,4.96,0.11,0.00,0.86,15.55,3.88,0.02,4.28,-0.08,-0.14,10.40,17.25,23.50,121.83,519401.31,155451.15,606654.38,13417.00,0.00,116701.18,1868068.80,479448.13,1892.91,-549079.83,11427.23,16863.90
2019-03-28 00:00,4.67,1.42,4.85,0.09,0.00,0.72,14.99,3.61,0.02,6.13,-0.09,-0.14,12.60,20.91,28.40,118.51,451292.65,143520.50,527706.51,11887.01,0.00,101405.25,1748241.02,437389.84,2218.04,-792808.24,8499.78,14187.07
2019-03-29 00:00,2.72,0.94,28.27,0.11,0.00,0.24,10.98,2.50,0.00,0.29,-9.94,-0.13,11.30,17.53,21.30,72.98,210424.49,73591.68,2068608.72,8625.50,0.00,19353.37,791865.74,193049.27,26.66,-21992.28,741461.50,9385.66
2019-03-30 00:00,2.58,1.03,27.12,0.13,0.00,0.24,4.81,3.74,0.00,0.12,-6.68,-0.17,10.00,13.60,16.80,81.01,165165.14,65153.03,2130158.11,10950.14,0.00,19885.31,393641.27,313039.59,35.20,-12644.79,472218.69,12207.48
2019-03-31 00:00,3.08,0.98,14.55,0.14,0.00,0.57,8.15,5.61,0.00,1.42,-2.48,-0.16,14.30,17.31,20.30,95.41,281255.42,88456.91,1272788.59,14703.27,0.00,59328.62,835865.58,579092.75,488.06,-149322.73,240127.71,14556.66
2019-04-01 00:00,4.73,1.34,4.07,0.11,0.00,0.12,15.57,11.55,0.00,1.16,-2.52,-0.15,13.40,17.26,20.60,129.54,535613.02,158586.73,494609.86,16643.53,0.00,19427.59,1991515.71,1472391.27,59.36,-193726.76,282256.14,19711.69
2019-04-02 00:00,4.88,1.43,5.54,0.09,0.00,0.04,15.14,12.15,0.00,0.49,-3.07,-0.14,11.10,19.27,27.40,114.95,500363.17,148966.14,635798.89,10265.15,0.00,4777.08,1722302.33,1415276.08,52.07,-59118.66,344186.92,16338.53
2019-04-03 00:00,2.17,1.10,8.84,0.11,0.00,0.00,14.12,9.58,0.02,1.78,-0.73,-0.15,13.40,21.18,26.50,113.71,249154.32,125733.65,982099.12,12251.29,0.00,544.05,1611334.03,1099239.10,1826.22,-203833.82,77955.61,17447.99
2019-04-04 00:00,4.14,1.32,12.36,0.12,0.00,0.15,13.13,10.27,0.01,0.84,-2.78,-0.16,22.30,26.49,32.00,113.85,492567.93,158291.06,1241028.58,13704.17,0.00,20111.45,1528650.63,1237136.83,1218.93,-112903.06,283301.44,18240.03
2019-04-05 00:00,3.38,1.22,29.42,0.12,0.00,0.12,7.36,2.87,0.00,0.09,-3.90,-0.18,18.50,25.64,32.20,92.76,305702.03,110964.13,2705559.38,10766.97,0.00,12605.58,682323.12,282537.38,164.98,-8414.30,352425.58,15875.49
2019-04-06 00:00,4.21,1.36,7.26,0.14,0.00,1.12,13.34,5.82,0.00,1.45,-1.03,-0.17,13.10,17.81,20.40,104.24,433911.75,144434.30,638377.48,14763.73,0.00,134088.85,1426885.04,666504.63,48.03,-156475.81,115172.79,16746.18
2019-04-07 00:00,3.94,1.23,14.48,0.17,0.00,0.82,10.94,3.71,0.00,2.58,-5.02,-0.19,12.10,17.13,22.30,86.02,85657.02,42654.21,758414.79,14868.56,0.00,90878.02,1080249.98,353763.30,37.58,-288872.19,141603.27,7715.75
2019-04-08 00:00,3.17,1.12,19.28,0.12,0.00,0.36,13.11,4.86,0.00,2.00,-6.89,-0.17,14.10,17.90,22.30,98.90,227357.29,91798.06,1725215.85,12506.32,0.00,42842.87,1342168.83,501306.93,45.69,-231775.37,585559.34,14337.11
2019-04-09 00:00,2.99,1.24,16.66,0.13,0.00,0.50,11.09,5.84,0.00,0.80,-2.69,-0.17,13.30,15.16,18.60,105.38,305194.88,127981.84,1625121.98,14213.98,0.00,58268.68,1202494.16,668532.65,434.34,-89090.42,246723.50,17100.52
2019-04-10 00:00,3.75,1.26,10.56,0.09,0.00,0.59,15.59,8.69,0.00,0.31,-3.61,-0.12,11.40,14.82,19.70,115.95,415061.29,141544.00,1178120.61,10432.51,0.00,75771.92,1794066.35,1039426.44,49.08,-39732.80,397312.86,14521.49
2019-04-11 00:00,4.58,1.34,7.49,0.10,0.00,0.61,15.32,8.89,0.00,0.54,-2.15,-0.12,11.90,15.92,21.30,122.84,504274.86,152499.42,894110.29,12278.54,0.00,85973.22,1866223.49,1111458.91,53.37,-75292.03,253638.75,15193.97
2019-04-12 00:00,4.59,1.38,6.56,0.13,0.00,1.96,15.80,8.56,0.00,0.39,-3.47,-0.18,13.40,18.23,24.60,123.72,526766.94,162766.47,769638.66,16389.74,0.00,270099.62,1934670.87,1048333.82,56.15,-61820.58,392598.49,22006.14
2019-04-13 00:00,1.26,0.56,10.84,0.13,0.00,1.22,15.55,5.77,0.00,0.01,-3.85,-0.15,13.80,18.64,23.00,117.40,141809.33,62657.42,1267697.58,16122.48,0.00,135201.68,1825879.14,691078.28,54.59,-907.17,451447.95,17618.13
2019-04-14 00:00,3.65,1.22,11.41,0.14,0.00,0.60,12.40,3.74,0.03,0.68,-2.80,-0.16,15.90,21.69,28.10,108.88,350668.78,118965.15,1174614.96,15060.62,0.00,66991.99,1364191.96,417568.20,2677.56,-92012.20,269563.09,17007.88
2019-04-15 00:00,1.65,0.60,23.74,0.12,0.00,0.37,13.36,3.26,0.04,0.00,-7.90,-0.18,19.90,24.34,28.70,99.11,176684.55,64099.55,2279707.18,11723.27,0.00,39997.68,1341859.68,329581.07,4400.89,0.00,740106.13,17652.41
2019-04-16 00:00,4.14,1.00,24.38,0.12,0.00,0.36,10.28,3.64,0.00,0.21,-4.07,-0.19,18.70,26.99,33.10,74.82,147989.66,36190.96,1672711.28,9516.59,0.00,41684.17,794332.79,312226.13,32.90,-26827.64,203967.93,9628.07
2019-04-17 00:00,2.01,0.15,28.10,0.15,0.00,0.42,9.40,3.38,0.00,0.00,-4.88,-0.18,15.10,23.05,28.60,68.99,73301.47,6327.77,1878740.68,12390.69,0.00,36414.57,672381.36,218355.62,31.70,0.00,291995.05,5369.02
2019-04-18 00:00,4.18,1.03,21.72,0.12,0.00,0.57,12.84,3.47,0.00,0.07,-8.18,-0.15,10.80,17.19,22.70,73.09,334235.84,91391.71,1457674.51,9472.95,0.00,55647.87,965778.13,267779.76,127.08,-8036.16,541311.55,8340.58
2019-04-19 00:00,3.04,1.08,22.88,0.14,0.00,0.96,8.17,1.24,0.00,1.11,-6.06,-0.16,19.00,24.97,33.00,83.21,216266.26,74680.55,1749307.07,10888.95,0.00,100354.60,658682.26,107357.97,37.51,-144663.73,389497.18,12700.01
2019-04-20 00:00,2.72,0.92,29.14,0.12,0.00,0.85,8.17,1.49,0.00,0.03,-9.06,-0.22,21.60,27.02,30.90,64.48,145691.05,49494.99,1771831.38,6936.49,0.00,78681.56,510352.37,108342.98,29.11,-2434.87,487850.36,15299.68
2019-04-21 00:00,2.26,0.56,11.07,0.11,0.00,1.66,8.22,1.57,0.00,5.64,-0.73,-0.12,12.20,16.91,19.40,92.33,238451.44,58160.57,905900.09,11082.56,0.00,176747.80,765824.69,152770.99,43.37,-562167.07,37458.48,10896.30
2019-04-22 00:00,3.65,1.23,10.72,0.15,0.00,1.40,9.06,1.77,0.01,2.94,-0.41,-0.13,9.30,14.63,19.90,103.71,391075.54,130948.83,1088091.12,15435.32,0.00,152687.08,943607.21,187532.16,632.28,-308079.48,44463.13,12889.95
2019-04-23 00:00,4.14,1.48,9.08,0.10,0.00,0.53,10.86,3.45,0.00,4.12,-0.01,-0.16,8.80,14.54,21.40,93.64,399284.16,143570.23,792994.20,9646.89,0.00,52802.90,1025355.62,348864.56,43.21,-399562.47,352.40,13507.24
2019-04-24 00:00,3.94,1.46,5.45,0.09,0.00,0.57,11.32,5.75,0.00,5.79,-0.18,-0.11,8.80,14.64,19.90,93.97,306270.81,116637.31,486819.90,8148.20,0.00,64068.21,1053685.89,557607.28,43.04,-567146.14,13478.25,10280.62
2019-04-25 00:00,3.45,1.39,9.89,0.12,0.00,0.72,5.38,2.42,0.00,8.57,-0.01,-0.15,8.50,15.30,21.10,72.65,171753.49,73443.22,716787.22,8119.05,0.00,60133.00,387858.54,174526.65,393.97,-645177.75,316.95,10541.24
2019-04-26 00:00,2.29,0.89,23.11,0.10,0.00,0.67,6.96,3.74,0.00,0.62,-4.21,-0.16,11.80,15.87,17.70,58.31,93217.18,38754.97,1222838.05,6335.23,0.00,57946.80,449736.47,254370.23,26.00,-36233.95,208101.05,6903.05
2019-04-27 00:00,3.88,1.44,7.73,0.11,0.00,1.18,10.29,4.31,0.00,3.09,-0.08,-0.11,10.20,14.11,17.60,84.65,247290.63,96001.53,648295.15,8976.31,0.00,113361.06,862274.98,388228.77,37.57,-262989.63,4802.14,8998.95
2019-04-28 00:00,3.11,1.11,5.41,0.12,0.00,1.15,7.95,6.92,0.00,6.18,-0.50,-0.12,12.90,15.15,17.90,91.38,228832.20,85163.92,494388.01,10888.30,0.00,119257.95,755183.19,693220.84,41.27,-485743.88,53978.26,10535.08
2019-04-29 00:00,3.96,1.42,6.96,0.12,0.00,1.75,11.61,13.56,0.00,0.13,-4.96,-0.15,8.90,16.07,23.40,113.58,403552.08,146395.36,743792.79,15188.57,0.00,223363.41,1292899.72,1547029.49,51.84,-20506.37,518354.97,15084.75
2019-04-30 00:00,2.97,0.47,28.11,0.08,0.00,1.54,5.00,3.31,0.02,0.00,-6.42,-0.10,13.30,19.04,24.00,51.11,-152314.01,-17186.53,1346453.71,7251.73,0.00,129851.54,277116.56,195833.00,1767.90,0.00,289091.44,1680.57
2019-05-01 00:00,2.53,0.43,27.90,0.12,0.00,0.55,6.28,3.14,0.01,0.00,-5.70,-0.15,12.20,14.36,18.40,62.15,33325.16,35021.38,1607294.69,7742.76,0.00,52763.55,433910.76,206899.06,1477.87,0.00,307921.00,6408.20
2019-05-02 00:00,2.03,0.87,24.19,0.10,0.00,1.38,7.61,4.73,0.02,0.13,-4.43,-0.14,11.10,13.36,17.40,98.97,218018.34,93454.52,2307090.94,9811.29,0.00,147646.50,758474.43,486616.51,1666.24,-14116.73,393098.88,14445.51
2019-05-03 00:00,2.12,0.79,27.14,0.14,0.00,1.80,11.11,3.93,0.02,0.00,-9.99,-0.16,10.20,13.82,18.80,87.71,169974.75,63993.65,2354915.67,11589.32,0.00,160872.33,976219.40,353576.10,1585.96,0.00,859679.80,13985.93
2019-05-04 00:00,2.38,0.69,6.92,0.10,0.00,0.82,11.41,8.74,0.00,2.44,-0.49,-0.14,11.50,14.85,18.40,106.46,231674.56,68947.41,649532.54,11771.27,0.00,97948.53,1198854.62,982451.40,48.68,-298071.29,46744.54,13910.14
2019-05-05 00:00,3.14,1.55,2.77,0.09,0.00,0.95,11.73,12.83,0.00,0.94,-2.11,-0.11,8.80,14.48,18.10,106.65,312813.39,154562.04,295655.91,8981.15,0.00,107394.71,1237712.00,1368561.45,49.13,-107637.79,216339.87,11622.32
2019-05-06 00:00,3.78,1.29,5.34,0.09,0.00,1.80,11.68,13.25,0.03,0.63,-2.42,-0.12,6.90,13.14,19.40,109.49,384806.55,132367.07,566918.34,10262.64,0.00,216842.32,1258362.59,1459662.67,3421.51,-72740.25,253541.62,11074.62
2019-05-07 00:00,1.81,0.78,30.18,0.11,0.00,0.40,8.82,6.50,0.00,0.00,-10.23,-0.15,11.40,13.98,17.40,77.64,94409.96,48611.50,2248584.19,7817.72,0.00,41687.44,702837.16,529940.70,35.29,0.00,732627.94,8791.24
2019-05-08 00:00,2.09,0.93,12.16,0.10,0.00,2.77,11.07,10.96,0.02,0.33,-3.11,-0.12,12.60,14.16,16.50,109.30,210042.45,94148.97,1148351.88,12087.65,0.00,357678.64,1196955.26,1274539.72,3739.40,-51640.28,290537.30,11935.61
2019-05-09 00:00,0.70,0.21,26.94,0.10,0.00,1.18,9.78,8.66,0.01,0.00,-7.13,-0.15,8.70,11.43,13.50,102.86,71366.46,21833.10,2650521.11,10408.92,0.00,150194.65,1020441.33,930817.04,1561.61,0.00,697519.09,14907.97
2019-05-10 00:00,3.07,0.96,19.23,0.10,0.00,1.42,11.06,8.53,0.00,0.01,-5.12,-0.16,7.60,10.93,15.10,86.56,270935.53,82286.05,1548466.51,8632.18,0.00,147488.84,970830.03,770517.13,37.78,-667.33,395990.58,12911.64
2019-05-11 00:00,1.90,0.88,8.85,0.10,0.00,1.13,14.62,7.50,0.00,0.60,-0.73,-0.12,11.00,13.73,16.60,86.42,150220.47,68123.14,708880.22,9071.84,0.00,114582.42,1266801.46,690612.70,39.30,-52826.27,64980.86,9507.30
2019-05-12 00:00,1.49,0.77,2.93,0.10,0.00,1.72,12.39,7.62,0.00,6.20,0.00,-0.11,12.20,14.32,16.50,93.13,132177.73,68116.80,255904.40,9571.45,0.00,183035.68,1153371.45,739085.42,42.88,-544945.54,0.00,9558.97
2019-05-13 00:00,3.23,1.28,12.41,0.11,0.00,0.48,13.47,8.49,0.00,1.70,-4.09,-0.15,8.60,13.85,18.60,76.73,188902.09,78509.43,761677.58,7891.50,0.00,53358.96,1026916.23,743564.13,33.46,-164976.83,242809.81,9960.06
2019-05-14 00:00,3.47,1.37,2.96,0.08,0.00,0.80,14.72,9.99,0.00,3.88,-0.16,-0.12,8.10,13.30,19.10,93.85,276543.78,112094.21,288791.94,7204.58,0.00,87879.41,1370232.49,987141.45,122.70,-318862.00,16546.96,10810.02
2019-05-15 00:00,3.23,1.24,7.45,0.09,0.00,1.26,15.10,9.25,0.00,0.51,-1.55,-0.11,7.60,13.73,19.10,98.57,287002.52,113888.85,638663.74,8831.68,0.00,157239.23,1470656.72,993888.20,147.68,-43649.84,141907.45,10957.46
2019-05-16 00:00,3.42,1.32,11.25,0.10,0.00,0.74,14.65,9.66,0.00,0.12,-4.19,-0.15,8.80,15.31,20.80,92.94,288542.60,112410.71,954929.53,9804.50,0.00,82934.68,1357744.71,968201.03,39.47,-12529.10,375935.05,13269.91
2019-05-17 00:00,3.33,1.26,11.06,0.11,0.00,1.74,14.31,9.98,0.00,0.00,-5.81,-0.13,13.70,17.11,22.60,88.66,276151.81,106588.04,874694.79,10368.97,0.00,180374.75,1270450.93,953164.94,39.77,0.00,502486.92,12634.61
2019-05-18 00:00,1.84,0.62,21.67,0.11,0.00,0.70,11.38,5.59,0.00,0.00,-9.34,-0.13,11.90,19.88,24.50,75.22,120863.79,41309.43,1604257.48,7820.61,0.00,59781.20,860133.02,435332.69,34.68,0.00,699094.40,9486.74
2019-05-19 00:00,0.62,0.43,23.89,0.10,0.00,0.41,8.08,5.51,0.00,0.00,-7.50,-0.14,15.50,20.07,23.10,70.67,39431.61,28070.94,1573578.28,7212.82,0.00,36156.08,620420.84,421371.89,32.32,0.00,501300.69,9621.83
2019-05-20 00:00,1.94,1.22,11.49,0.11,0.00,0.61,12.03,10.95,0.14,1.46,-4.30,-0.14,13.00,15.36,18.10,89.14,152084.69,97342.33,944192.06,9973.89,0.00,66070.89,1073324.21,1041018.25,12642.74,-125303.79,366604.64,11581.28
2019-05-21 00:00,2.98,1.01,4.69,0.09,0.00,1.54,12.04,14.50,0.00,0.82,-1.55,-0.15,11.50,16.20,22.40,102.85,286736.32,98036.71,463993.25,9043.20,0.00,169098.14,1231032.80,1525310.84,47.26,-77880.27,165724.14,16212.91
2019-05-22 00:00,3.26,1.19,0.62,0.11,0.00,1.90,15.74,14.37,0.01,0.92,-1.43,-0.16,7.80,13.74,21.20,114.23,316564.00,116410.23,64623.82,13987.06,0.00,244150.24,1758307.29,1680408.02,856.28,-91876.23,158663.49,16412.22
2019-05-23 00:00,3.09,0.51,17.46,0.11,0.00,0.81,13.61,9.72,0.00,0.77,-9.31,-0.15,8.40,16.15,23.80,60.36,-18748.25,16261.90,730523.41,7359.24,0.00,73110.84,844467.12,650508.24,26.85,-66595.29,349754.90,-2606.79
2019-05-24 00:00,2.45,0.57,23.39,0.16,0.00,0.68,8.19,9.14,0.00,0.43,-9.60,-0.16,13.30,17.70,23.40,67.35,11939.91,14663.06,1264019.66,13328.65,0.00,67039.93,548698.11,720330.41,29.22,-43684.85,443646.21,2303.89
2019-05-25 00:00,1.05,0.74,20.42,0.08,0.00,0.67,5.03,6.91,0.00,1.86,-3.60,-0.11,12.80,14.03,16.30,71.90,55204.89,40322.81,1423438.37,5731.96,0.00,56070.79,365249.46,526888.05,32.75,-132777.35,241434.46,7356.56
2019-05-26 00:00,1.45,0.69,25.87,0.11,0.00,0.32,4.66,5.18,0.00,0.81,-4.21,-0.13,11.80,13.58,15.20,62.25,57830.79,28408.06,1572342.16,6673.73,0.00,28634.51,288786.13,348710.01,27.79,-48577.55,241425.04,6945.74
2019-05-27 00:00,1.89,0.81,25.93,0.11,0.00,1.62,5.37,8.71,0.00,0.43,-5.44,-0.15,11.80,13.05,14.80,83.09,141502.13,61147.81,1927254.52,8692.42,0.00,188071.47,442139.92,800645.00,22.02,-45314.75,354867.98,10950.67
2019-05-28 00:00,1.26,0.50,33.66,0.42,0.00,0.51,4.61,8.63,0.00,0.00,-9.54,-0.49,12.70,13.99,15.50,69.46,84389.18,33452.19,2275239.29,26546.15,0.00,47194.09,322736.42,630735.81,4.28,0.00,641626.22,38623.97
2019-05-29 00:00,2.45,0.49,30.16,0.14,0.00,0.97,6.34,9.45,0.00,0.07,-9.35,-0.20,6.80,11.39,14.00,57.44,34052.01,12788.55,1389081.57,10521.81,0.00,105261.11,417837.15,665018.49,13.71,-6661.30,408562.38,-753.25
2019-05-30 00:00,2.31,1.08,10.20,0.11,0.00,2.03,10.65,12.67,0.00,2.07,-0.40,-0.14,5.10,10.03,14.70,100.12,212299.92,100379.16,949151.16,11234.41,0.00,238530.49,1065436.39,1360493.38,13.71,-176641.13,63281.58,12005.23
2019-05-31 00:00,1.23,0.58,6.60,0.10,0.00,2.90,12.18,11.84,0.00,3.10,0.00,-0.13,9.50,12.25,15.00,102.81,124592.18,58951.59,634632.64,10012.87,0.00,334018.52,1250289.41,1280187.46,33.56,-264518.14,418.31,10341.77
2019-06-01 00:00,2.02,0.88,8.40,0.10,0.00,1.58,15.37,8.87,0.00,0.92,-2.97,-0.16,9.50,12.49,15.30,108.91,212828.74,93876.00,864274.83,10839.59,0.00,189054.77,1654532.91,1051487.52,28.83,-75464.04,333264.74,16925.39
2019-06-02 00:00,1.69,0.81,15.82,0.11,0.00,0.88,15.03,6.25,0.00,1.61,-6.41,-0.16,9.10,12.26,15.10,90.14,125532.51,63150.86,1337103.83,10017.12,0.00,83869.04,1370472.69,579886.57,29.70,-153068.62,523739.72,13560.49
2019-06-03 00:00,2.20,0.76,23.20,0.14,0.00,1.30,11.80,9.93,0.01,0.32,-7.11,-0.15,6.10,10.36,13.90,102.64,169993.75,59732.09,2149836.01,13838.93,0.00,225520.19,1201224.30,1159780.83,832.41,-34667.29,713637.28,14256.73
2019-06-04 00:00,1.64,0.95,14.62,0.17,0.00,2.40,11.33,12.37,0.03,1.94,-2.14,-0.19,5.40,9.56,12.20,144.12,207132.69,119223.19,1987531.64,26936.39,0.00,449437.20,1548596.99,1945215.92,6589.80,-235365.57,316421.98,25251.58
2019-06-05 00:00,2.15,0.92,10.77,0.14,0.00,1.32,14.73,14.60,0.06,1.22,-3.20,-0.18,4.50,10.03,13.60,150.76,257621.07,115145.00,1400435.40,21629.98,0.00,308627.56,2162621.08,2237633.25,12625.20,-271990.16,420916.23,24560.20
2019-06-06 00:00,2.50,1.06,8.18,0.14,0.00,2.12,14.57,14.52,0.00,1.22,-2.84,-0.17,6.00,10.79,14.80,156.87,307396.51,135274.32,1102085.29,23269.51,0.00,489913.82,2244575.00,2422902.02,485.08,-126589.66,446291.10,24725.40
2019-06-07 00:00,3.06,1.20,17.79,0.12,0.00,1.84,13.96,11.99,0.00,0.00,-8.53,-0.16,3.50,10.35,16.30,117.09,297055.78,119439.14,1748937.16,14751.56,0.00,313906.43,1646061.62,1544340.91,23.86,0.00,896300.45,18770.21
2019-06-08 00:00,2.90,0.94,21.16,0.14,0.00,0.93,12.45,9.68,0.00,0.00,-10.60,-0.17,6.20,12.32,16.90,69.64,115970.75,44865.32,1128104.09,11509.79,0.00,109778.06,921899.02,809310.29,19.78,0.00,608509.33,5111.75
2019-06-09 00:00,0.46,0.37,27.83,0.12,0.00,0.04,3.06,6.44,0.00,0.93,-3.33,-0.13,11.80,14.53,16.60,68.36,30255.60,26550.27,1828440.71,8084.15,0.00,3670.66,231262.63,453774.61,17.67,-62284.09,189573.88,7843.31
2019-06-10 00:00,2.81,1.21,21.39,0.12,0.00,0.60,6.13,7.01,0.00,0.88,-6.32,-0.15,11.20,14.35,17.40,49.30,85922.69,42086.36,605590.44,6540.00,0.00,44236.26,413374.49,453736.90,17.97,-84091.22,110185.34,3443.63
2019-06-11 00:00,2.97,0.89,21.98,0.11,0.00,0.63,8.88,7.56,0.01,0.14,-5.74,-0.16,11.80,17.10,22.00,63.15,65637.01,35154.47,1303855.60,6121.40,0.00,64469.26,565934.64,509627.59,471.93,-8831.83,317937.47,5081.50
2019-06-12 00:00,1.29,0.25,22.72,0.13,0.00,0.67,7.57,8.64,0.00,0.83,-4.27,-0.14,12.20,14.79,17.50,79.09,61034.39,15755.58,1444710.87,11953.73,0.00,81027.20,708207.69,794800.94,69.83,-82138.55,247370.09,6942.82
2019-06-13 00:00,1.93,0.91,14.20,0.08,0.00,1.13,11.65,9.72,0.00,0.93,-2.34,-0.09,10.60,12.93,16.50,78.65,137311.19,65970.92,947068.59,7187.90,0.00,109149.83,946495.27,811593.69,15.75,-88536.00,123904.70,3773.87
2019-06-14 00:00,1.82,1.13,10.15,0.11,0.00,0.95,14.21,10.22,0.00,0.62,-1.90,-0.13,10.90,13.56,16.60,85.02,130299.14,83528.54,779801.60,8801.90,0.00,96525.08,1213039.41,918126.90,11.04,-57211.06,142356.02,8405.55
2019-06-15 00:00,1.56,0.90,5.00,0.11,0.00,1.15,15.74,10.68,0.00,1.25,-1.99,-0.11,10.90,13.08,15.30,102.89,144101.02,85149.82,497532.31,10889.16,0.00,132507.70,1598067.83,1132160.83,24.72,-111164.47,192358.11,10739.01
2019-06-16 00:00,2.91,1.08,4.19,0.14,0.00,1.57,12.78,10.37,0.00,1.39,-0.82,-0.16,10.10,13.07,16.60,111.84,291889.04,111591.81,368036.23,17530.24,0.00,231885.75,1380420.64,1247232.95,18.25,-161341.51,93094.29,14558.63
2019-06-17 00:00,1.63,0.89,14.25,0.08,0.00,1.30,14.78,9.33,0.00,1.23,-3.00,-0.11,8.60,11.45,14.60,102.56,138498.12,77055.63,1330809.49,7980.35,0.00,172432.41,1527990.70,1047693.08,274.74,-107857.00,293242.01,11590.06
2019-06-18 00:00,2.72,0.97,13.20,0.11,0.00,0.94,15.15,10.63,0.03,2.49,-4.45,-0.17,5.50,10.70,13.70,101.41,262913.46,95169.11,971570.98,10666.74,0.00,120756.75,1516131.16,1194731.81,4915.05,-346785.09,299381.17,11540.28
2019-06-19 00:00,2.28,0.90,0.75,0.12,0.00,1.50,16.38,16.63,0.07,5.42,-0.36,-0.21,4.90,8.81,13.30,168.20,326368.86,127713.06,110184.44,24608.96,0.00,325273.54,2622572.31,2798333.65,20731.98,-970745.03,49343.47,30194.03
2019-06-20 00:00,1.28,0.96,3.09,0.16,0.00,0.94,16.14,16.01,0.00,5.39,-0.11,-0.10,7.50,9.95,12.30,147.49,194492.48,146504.78,479025.83,23448.36,0.00,136374.65,2357544.62,2415644.00,31.25,-736201.20,19561.78,15255.00
2019-06-21 00:00,2.18,0.90,5.13,0.12,0.00,1.37,14.79,15.44,0.00,3.42,-0.37,-0.13,7.20,10.89,15.20,126.21,246744.91,101840.06,635650.37,16289.87,0.00,193282.74,1843346.78,2014567.31,360.33,-410974.85,68911.69,15525.41
2019-06-22 00:00,2.86,1.00,8.00,0.13,0.00,0.78,13.89,12.94,0.00,1.20,-0.64,-0.18,4.40,9.68,14.20,112.01,299766.19,105161.58,846205.62,14677.78,0.00,98658.41,1545869.30,1504347.97,18.53,-130462.45,70150.82,17004.05
2019-06-23 00:00,3.01,1.33,6.61,0.09,0.00,1.12,16.12,12.99,0.00,1.22,-2.09,-0.08,2.30,7.36,13.70,125.82,332104.82,147370.44,826430.81,11902.46,0.00,177695.31,1973151.64,1670112.99,29.65,-141815.94,246886.35,9248.49
2019-06-24 00:00,1.46,0.65,26.36,0.11,0.00,0.72,15.34,10.74,0.00,0.17,-6.66,-0.14,2.60,8.45,11.50,106.11,149851.01,66281.49,2674610.67,11585.00,0.00,91640.21,1612181.20,1186016.38,21.86,-18428.95,633059.43,11447.49
2019-06-25 00:00,2.98,1.28,8.63,0.13,0.00,1.23,15.84,13.84,0.00,1.41,-2.34,-0.15,9.00,12.01,16.60,122.24,330894.43,142423.47,894816.42,16134.12,0.00,179181.45,1893076.79,1793956.28,27.42,-216651.28,248454.57,13732.32
2019-06-26 00:00,3.01,1.28,14.49,0.09,0.00,0.47,14.59,9.54,0.00,0.40,-5.99,-0.13,10.20,14.21,18.80,98.93,252338.78,110758.05,1265636.19,9732.08,0.00,66000.34,1425470.00,1020810.58,20.18,-53813.96,488749.07,9078.33
2019-06-27 00:00,2.98,0.79,33.31,0.12,0.00,0.46,8.49,3.86,0.00,0.00,-11.73,-0.19,14.30,17.55,21.50,37.77,-41700.15,239.29,1138900.81,5842.87,0.00,22312.18,325516.12,175228.92,12.80,0.00,327473.48,-2187.83
2019-06-28 00:00,2.34,0.97,31.64,0.09,0.00,0.11,5.30,3.96,0.00,0.02,-8.13,-0.09,16.40,18.90,21.40,52.39,92652.18,42507.70,1585455.54,5316.00,0.00,8759.86,268077.97,209194.95,14.33,-1290.93,341127.76,4155.66
2019-06-29 00:00,0.99,0.43,30.09,0.11,0.00,0.37,4.57,2.64,0.00,1.31,-2.12,-0.14,8.00,11.59,19.60,55.85,55828.67,27841.46,1598149.99,6101.75,0.00,29171.35,249432.39,158841.31,13.87,-87871.68,65256.44,7230.92
2019-06-30 00:00,1.26,0.77,26.20,0.12,0.00,0.56,6.21,4.46,0.00,0.84,-1.42,-0.12,7.40,10.56,13.00,52.36,30866.93,20080.49,1260247.44,5518.57,0.00,43385.93,369752.82,298252.70,12.24,-44453.69,61881.78,5167.11
2019-07-01 00:00,1.92,0.55,29.03,0.10,0.00,0.71,8.20,6.76,0.01,0.28,-3.73,-0.13,8.30,10.55,13.70,65.64,116113.94,34327.25,1785802.75,6243.66,0.00,65482.57,584939.33,483399.64,572.63,-15892.12,226159.04,6443.23
2019-07-02 00:00,1.68,1.15,7.59,0.12,0.00,1.21,10.90,13.22,0.00,5.28,-0.57,-0.14,8.30,10.90,15.10,101.43,168474.26,115789.10,428484.96,15900.90,0.00,158424.32,1118620.10,1519300.85,39.19,-680005.76,20823.40,6398.28
2019-07-03 00:00,2.29,1.11,9.29,0.06,0.00,1.65,14.72,10.83,0.00,2.06,-1.06,-0.09,8.20,11.83,17.30,96.22,219573.98,107915.19,863161.40,6186.12,0.00,170074.27,1405484.81,1072252.30,24.66,-188189.13,93330.71,7157.87
2019-07-04 00:00,2.70,1.28,22.86,0.11,0.00,0.95,10.83,8.99,0.00,0.00,-6.18,-0.14,6.90,11.35,15.30,79.30,204442.00,98858.26,1717308.13,9287.57,0.00,93570.53,849088.50,754002.21,23.08,-118.20,444807.04,7472.49
2019-07-05 00:00,2.90,1.23,25.25,0.08,0.00,0.38,11.94,5.60,0.00,0.01,-8.54,-0.11,7.00,15.60,20.90,69.19,196776.27,86082.68,1648951.99,5072.96,0.00,36816.63,831076.20,415750.99,21.18,-1504.23,540388.35,7023.47
2019-07-06 00:00,2.42,0.75,28.57,0.12,0.00,0.58,8.23,2.62,0.00,0.00,-10.14,-0.13,14.30,17.86,21.50,63.86,114387.31,36969.26,1716417.85,7365.62,0.00,51757.94,512615.88,181278.26,20.21,0.00,542322.40,6820.96
2019-07-07 00:00,2.39,0.96,12.24,0.11,0.00,0.69,11.01,6.84,0.00,2.09,-3.40,-0.13,8.90,13.92,16.80,84.47,244778.11,97143.60,795246.78,10446.64,0.00,68725.80,981730.32,654070.18,26.71,-194325.67,217362.57,5620.00
2019-07-08 00:00,1.95,1.21,5.07,0.09,0.00,2.11,15.18,10.87,0.00,2.99,-0.28,-0.17,8.80,10.81,14.90,103.12,172031.08,111546.56,492398.98,9851.54,0.00,264889.67,1538543.80,1175697.22,39.69,-274226.96,30602.48,13596.61
2019-07-09 00:00,3.02,1.04,8.60,0.13,0.00,2.35,15.39,10.29,0.00,1.65,-2.82,-0.13,7.40,11.55,15.80,116.93,267630.48,94602.10,923931.65,20431.13,0.00,333950.61,1746242.37,1276603.13,33.63,-157230.38,274985.00,11595.07
2019-07-10 00:00,1.92,0.37,31.49,0.15,0.00,0.48,5.45,5.14,0.02,0.03,-3.70,-0.21,8.10,12.12,15.70,22.70,-127527.92,13795.62,562052.86,10013.57,0.00,39716.73,162487.98,127269.39,-2096.70,-751.66,18204.75,-17517.80
2019-07-11 00:00,1.37,0.56,30.82,0.15,0.00,0.77,4.95,5.04,0.00,0.00,-3.25,-0.19,11.50,13.20,15.50,-2.86,10458.74,25128.58,-277598.34,4122.11,0.00,44891.72,17480.72,-26968.69,4.98,-159.03,-94376.97,-20358.87
2019-07-12 00:00,1.32,0.55,31.42,0.11,0.00,0.42,6.68,4.29,0.00,0.01,-4.89,-0.13,8.90,12.25,13.90,71.60,112342.41,47798.57,2156925.45,8477.97,0.00,37903.75,505744.39,347020.04,14.54,-1047.57,337457.54,-88.64
2019-07-13 00:00,2.63,0.61,24.14,0.12,0.00,1.13,6.22,5.27,0.00,0.26,-2.19,-0.14,9.20,10.55,12.90,79.16,143956.63,43141.03,1766823.83,8887.74,0.00,111412.54,512497.15,466738.75,27.10,-26028.49,122142.79,7322.89
2019-07-14 00:00,1.19,0.48,28.27,0.08,0.00,0.01,6.60,4.36,0.00,0.42,-3.36,-0.12,10.20,11.67,13.30,65.56,78286.39,28508.11,1854220.76,5803.60,0.00,753.09,440877.87,310012.89,12.41,-23169.52,243998.45,5233.56
2019-07-15 00:00,1.42,0.56,17.52,0.13,0.00,1.31,11.95,9.44,0.04,1.02,-2.55,-0.16,10.00,11.82,13.40,88.76,128934.96,49996.02,1217240.37,12144.25,0.00,147696.63,1167525.29,970201.47,6189.95,-105265.29,171541.52,6803.57
2019-07-16 00:00,1.30,0.80,4.40,0.13,0.00,1.87,15.38,11.11,0.02,4.96,0.00,-0.15,11.10,12.00,12.90,116.95,133236.71,83007.80,480232.77,18064.91,0.00,291877.99,1766052.62,1380957.62,4063.57,-492716.97,0.00,11571.60
2019-07-17 00:00,1.45,0.58,21.19,0.08,0.00,0.55,14.34,6.73,0.00,1.21,-6.13,-0.15,10.80,12.20,13.90,77.14,55294.51,29788.03,1448955.96,7869.85,0.00,56492.98,1112823.61,568453.80,21.68,-114218.62,366407.04,4248.62
2019-07-18 00:00,1.84,1.10,16.99,0.11,0.00,1.50,14.54,6.73,0.00,1.48,-3.96,-0.16,9.80,11.63,14.50,77.53,63852.03,61855.82,1150172.49,9471.22,0.00,158923.57,1148404.32,556309.01,32.63,-102979.57,203449.66,6567.15
2019-07-19 00:00,3.58,1.39,11.80,0.11,0.00,2.13,14.39,8.95,0.00,0.84,-3.81,-0.13,7.90,12.57,17.70,96.07,294700.72,118103.68,1064259.10,11491.31,0.00,232964.76,1390469.58,917449.90,35.35,-71190.62,371052.43,11000.13
2019-07-20 00:00,3.76,0.91,30.54,0.11,0.00,0.34,4.56,2.22,0.00,0.00,-7.21,-0.15,12.50,15.76,19.60,50.27,-34135.31,8744.22,1350040.61,6624.27,0.00,32311.84,210194.34,106904.19,17.29,0.00,117454.57,194.32
2019-07-21 00:00,3.27,1.22,21.98,0.12,0.00,0.56,6.13,3.03,0.00,2.66,-4.74,-0.16,9.70,12.74,15.50,63.54,80718.39,38550.78,933756.25,11169.21,0.00,71322.09,435290.98,250460.22,20.38,-328738.01,95847.40,2823.78
2019-07-22 00:00,2.76,1.17,31.05,0.12,0.00,0.86,8.24,2.90,0.02,0.00,-6.90,-0.15,9.30,13.01,18.00,61.73,126595.05,60132.99,1811397.93,8517.81,0.00,78098.01,497386.45,195475.25,1614.96,0.00,338826.20,2582.24
2019-07-23 00:00,2.45,1.01,33.29,0.10,0.00,1.18,8.17,3.57,0.02,0.00,-8.72,-0.16,11.10,12.65,15.20,55.89,116671.64,52618.82,1811264.04,6376.79,0.00,80310.02,488795.04,202548.47,1271.98,0.00,479703.94,4483.53
2019-07-24 00:00,2.14,0.75,13.69,0.10,0.00,1.29,14.93,8.19,0.03,1.85,-3.60,-0.11,9.10,12.34,15.60,84.47,174115.22,61637.59,914819.17,9639.63,0.00,139803.31,1264974.10,763998.73,3451.10,-213090.55,226497.43,6440.29
2019-07-25 00:00,2.41,0.91,11.80,0.07,0.00,1.11,14.21,7.85,0.03,2.76,-2.16,-0.14,10.90,13.58,16.50,78.07,155528.84,61112.74,876288.43,6006.70,0.00,102225.48,1111288.49,642509.41,3261.95,-204586.14,152438.38,8170.05
2019-07-26 00:00,2.06,0.80,10.44,0.11,0.00,1.68,14.98,12.37,0.00,0.55,-4.16,-0.13,8.30,13.11,15.90,81.72,199560.23,77924.68,380940.99,11598.07,0.00,192908.97,1249967.96,1207061.92,17.95,-63917.49,169031.93,6222.42
2019-07-27 00:00,2.80,0.98,2.45,0.10,0.00,1.37,15.58,12.16,0.00,2.17,-0.87,-0.10,7.50,10.84,15.20,95.17,201917.45,70705.48,201627.12,10704.49,0.00,141717.22,1459593.84,1182736.26,31.66,-230430.35,69130.03,8152.34
2019-07-28 00:00,2.05,0.33,14.89,0.09,0.00,0.53,13.37,7.89,0.00,0.00,-3.66,-0.15,9.30,13.73,18.70,38.93,-336025.84,-18584.82,263843.42,6004.57,0.00,53141.10,519372.36,479504.65,4.63,-148.27,2091.45,-22168.66
2019-07-29 00:00,3.09,1.25,6.54,0.08,0.00,1.51,15.11,12.02,0.00,1.32,-2.18,-0.11,7.90,12.47,15.80,89.41,251499.32,103506.77,566643.14,7800.13,0.00,160351.30,1336784.69,1114535.58,25.12,-87547.13,191033.28,7239.01
2019-07-30 00:00,2.63,1.25,7.07,0.09,0.00,0.79,15.80,14.50,0.00,0.62,-2.05,-0.10,4.90,9.73,14.20,104.83,225975.23,110695.22,676008.62,15669.62,0.00,108924.41,1606086.18,1602139.98,14.90,-51874.96,186032.82,7889.94
2019-07-31 00:00,1.71,1.13,4.11,0.10,0.00,2.28,16.36,15.67,0.06,1.00,-0.41,-0.10,8.50,10.25,12.40,139.13,172625.92,115062.45,483328.90,15573.89,0.00,376873.48,2242230.29,2351403.92,5719.18,-103058.00,120117.49,10826.41
2019-08-01 00:00,1.98,1.02,8.47,0.08,0.00,0.60,16.19,13.01,0.00,1.20,-1.10,-0.10,6.20,10.45,13.40,98.59,188551.12,97732.55,836399.98,8031.25,0.00,64866.10,1578907.28,1306766.20,28.40,-107086.93,108025.09,9222.24
2019-08-02 00:00,1.82,1.18,6.63,0.10,0.00,3.15,15.93,14.96,0.00,0.55,-2.96,-0.13,6.10,10.33,13.00,104.45,190486.32,122974.67,671730.46,11304.92,0.00,347264.16,1641398.94,1604985.71,479.90,-49449.85,320900.73,12549.61
2019-08-03 00:00,1.38,1.03,4.63,0.13,0.00,2.62,16.35,13.35,0.00,0.90,-2.83,-0.15,8.40,11.28,13.60,116.13,138221.89,110390.34,557878.26,17665.53,0.00,313598.03,1877911.68,1593678.96,46.49,-90927.09,361125.18,14999.73
2019-08-04 00:00,3.74,1.36,9.53,0.11,0.00,2.04,15.95,11.40,0.00,0.10,-7.87,-0.14,7.30,11.52,15.70,119.26,331754.77,125938.27,906993.20,20716.47,0.00,340400.76,1794123.16,1422974.93,52.05,-19472.02,743776.75,12379.27
2019-08-05 00:00,4.04,1.53,14.82,0.10,0.00,1.59,15.17,10.45,0.03,0.00,-8.17,-0.13,9.20,13.65,19.30,97.47,319201.36,123249.01,1245791.78,13739.57,0.00,201545.35,1439447.42,1131830.92,7521.49,0.00,704447.18,9716.58
2019-08-06 00:00,3.08,0.96,26.52,0.12,0.00,1.38,10.87,9.80,0.03,0.00,-12.62,-0.20,10.10,13.52,18.80,58.69,52831.12,37887.71,1099186.23,9297.07,0.00,139992.85,728584.24,752682.05,3642.71,0.00,594460.37,410.63
2019-08-07 00:00,1.04,0.67,12.02,0.12,0.00,1.63,15.85,16.40,0.04,0.15,-5.92,-0.10,7.00,10.15,14.00,118.89,104522.14,70729.30,1334232.71,16693.40,0.00,211913.74,1860496.58,2025918.62,5077.88,-15700.63,673535.70,9994.07
2019-08-08 00:00,1.10,0.56,34.09,0.12,0.00,0.39,14.30,6.15,0.00,0.00,-12.23,-0.16,9.40,11.05,12.50,66.60,67800.17,37193.03,2072374.60,9067.54,0.00,38658.88,960889.64,460991.38,-171.58,0.00,700742.14,1054.98
2019-08-09 00:00,2.93,0.54,33.26,0.13,0.00,0.63,10.13,5.99,0.00,0.00,-8.90,-0.17,8.70,10.06,11.70,32.78,-136786.88,-8013.02,826034.19,5515.87,0.00,54254.47,392865.65,322592.68,9.42,0.00,214868.62,-10528.45
2019-08-10 00:00,3.11,0.82,33.71,0.09,0.00,0.50,7.18,5.54,0.00,0.00,-9.89,-0.08,5.90,9.55,12.40,75.86,242981.35,65664.14,2519621.30,7693.75,0.00,48640.01,526414.12,433076.49,31.31,0.00,725295.02,5841.26
2019-08-11 00:00,2.97,0.78,27.06,0.11,0.00,1.12,7.13,8.69,0.00,0.10,-8.59,-0.19,5.40,9.86,12.50,74.60,42162.56,16588.84,1534047.88,8765.36,0.00,99906.76,673072.15,805279.89,34.55,-9565.68,431944.11,8168.16
2019-08-12 00:00,2.33,1.37,2.88,0.13,0.00,3.16,16.19,15.52,0.00,2.51,-0.19,-0.09,4.20,7.80,11.60,154.13,256990.93,168434.17,335672.92,32900.45,0.00,656362.42,2352475.88,2506277.10,46.24,-367264.88,20445.13,9934.97
2019-08-13 00:00,3.33,1.37,1.37,0.18,0.00,2.81,15.86,16.39,0.05,2.72,-0.34,-0.21,2.90,8.38,14.00,224.61,427252.83,190984.02,236363.22,76086.26,0.00,909821.73,3324786.52,3827256.30,30854.31,-484169.97,46980.34,23162.45
2019-08-14 00:00,4.50,0.75,20.28,0.12,0.00,0.32,10.49,7.77,0.03,0.22,-2.98,-0.18,7.90,12.16,16.60,65.45,-199453.45,-14198.15,1017264.37,10152.75,0.00,41216.09,828826.28,678638.73,6242.15,-24519.17,167334.20,357.01
2019-08-15 00:00,3.21,1.08,33.26,0.12,0.00,0.00,9.88,6.78,0.00,0.00,-14.19,-0.16,12.10,15.84,19.30,41.99,75045.04,37225.82,1264744.26,6543.52,0.00,0.00,429862.39,317328.35,16.83,0.00,504419.12,-878.15
2019-08-16 00:00,2.17,0.77,17.77,0.10,0.00,1.64,14.09,9.31,0.00,0.18,-8.21,-0.14,7.70,13.03,15.60,76.67,183814.12,68485.19,650571.96,11980.49,0.00,213753.20,1159820.21,889659.79,31.71,-24839.67,273022.36,3482.41
2019-08-17 00:00,3.78,0.48,18.39,0.14,0.00,0.54,9.93,4.13,0.00,0.82,-3.60,-0.13,6.90,13.52,18.60,55.49,-37602.16,8.78,809877.07,10404.64,0.00,51950.30,563061.81,295327.76,23.53,-78661.81,81217.12,-3787.95
2019-08-18 00:00,1.92,0.63,30.32,0.12,0.00,0.47,5.88,3.30,0.00,0.29,-4.61,-0.17,7.40,10.35,14.40,14.72,-172951.44,-44685.32,359309.88,4875.71,0.00,39475.81,132940.14,99628.33,-3.39,-19730.93,60492.17,-13665.62
2019-08-19 00:00,3.39,1.04,22.40,0.13,0.00,0.62,9.51,5.71,0.00,0.46,-1.11,-0.15,8.40,10.56,13.10,64.23,116707.84,37748.47,1213106.94,9543.56,0.00,73766.51,698355.19,446710.70,-131.26,-52016.34,44284.26,5099.63
2019-08-20 00:00,2.18,1.21,29.46,0.12,0.00,0.91,8.32,4.70,0.00,0.51,-6.38,-0.12,9.80,12.08,14.30,53.27,70448.86,42310.62,1474750.45,7843.88,0.00,79354.87,477955.94,291459.76,18.28,-28298.23,333586.92,3775.49
2019-08-21 00:00,2.32,1.44,25.79,0.14,0.00,1.08,5.80,4.32,0.00,1.19,-2.49,-0.18,11.70,13.29,15.30,55.78,75004.07,59823.91,1311142.78,11130.77,0.00,101085.97,335205.48,271662.87,15.41,-79071.49,91048.56,4418.89
2019-08-22 00:00,2.03,1.21,11.30,0.15,0.00,2.02,11.65,8.09,0.00,3.57,-0.47,-0.19,10.90,12.48,13.90,93.70,146701.48,91600.42,535303.00,22828.95,0.00,323919.33,1232471.97,939954.87,40.84,-395459.77,29035.70,6697.70
2019-08-23 00:00,4.79,1.47,18.89,0.16,0.00,1.79,10.98,5.68,0.00,0.23,-5.85,-0.19,7.60,13.21,18.00,85.80,140056.61,59139.35,1402695.63,18189.02,0.00,205296.29,1030731.57,544668.43,35.31,-23314.23,425756.37,11483.57
2019-08-24 00:00,2.52,0.93,25.38,0.13,0.00,0.78,5.99,4.40,0.00,0.16,-3.82,-0.16,6.80,12.18,15.70,12.60,-110625.30,-37243.66,-68325.83,6175.49,0.00,80879.34,189110.25,150581.88,-1207.08,-19870.52,-88414.88,-9579.78
2019-08-25 00:00,3.27,1.52,7.07,0.17,0.00,2.71,11.91,6.41,0.00,3.74,-0.03,-0.17,4.60,8.84,13.20,121.92,187056.01,93284.10,669189.99,30358.51,0.00,550916.12,1482713.66,900876.56,50.16,-353540.26,3639.65,13654.85
2019-08-26 00:00,4.00,1.64,2.99,0.16,0.00,5.52,16.25,8.63,0.03,2.46,-1.28,-0.20,3.50,8.76,13.70,143.72,372801.92,158789.76,441525.12,28437.41,0.00,979428.90,2166016.29,1255641.29,6178.25,-326913.01,141089.43,23408.62
2019-08-27 00:00,4.05,1.64,4.18,0.16,0.00,4.43,15.27,7.61,0.00,2.89,-0.28,-0.16,5.30,10.20,15.10,136.26,328868.79,139591.32,606468.73,22585.08,0.00,737899.51,1971001.68,1084972.94,58.59,-353441.93,42125.88,19412.69
2019-08-28 00:00,2.23,1.31,16.66,0.15,0.00,4.01,15.27,6.99,0.00,1.22,-5.80,-0.20,6.60,9.84,14.10,115.92,188686.13,112279.45,1795044.31,23217.53,0.00,581239.44,1727998.69,926800.86,51.55,-103491.77,661211.06,17380.69
2019-08-29 00:00,4.66,1.48,14.68,0.15,0.00,4.42,15.37,8.85,0.00,0.00,-7.49,-0.23,3.10,9.07,14.60,111.61,303779.79,107075.47,1415125.88,18825.51,0.00,650447.34,1659762.17,1091954.00,150.72,0.00,769506.57,20534.83
2019-08-30 00:00,5.07,1.09,21.27,0.17,0.00,2.11,11.82,6.72,0.00,0.00,-8.04,-0.18,4.80,12.26,17.90,75.66,82252.02,21469.42,1301147.01,22135.69,0.00,378049.52,964229.64,668155.73,30.97,0.00,710931.73,6818.72
2019-08-31 00:00,4.42,0.45,27.48,0.10,0.00,0.70,6.31,6.10,0.00,0.00,-10.39,-0.15,13.10,16.55,22.10,6.06,-816347.82,-82855.61,11472.65,2717.72,0.00,69189.57,123030.57,148713.11,-8.02,0.00,106554.30,-9996.42
2019-09-01 00:00,4.49,1.42,16.82,0.14,0.00,1.64,8.55,7.03,0.00,0.24,-7.23,-0.16,8.90,12.87,16.10,77.38,80300.83,40666.50,895854.49,12157.96,0.00,195730.41,756917.18,625996.14,31.32,-20638.48,326894.52,8842.78
2019-09-02 00:00,2.74,1.09,22.20,0.09,0.00,0.50,12.69,7.42,0.01,0.10,-8.81,-0.18,5.40,15.39,22.80,49.15,-82778.57,-18511.22,834552.92,5492.86,0.00,53144.62,667245.57,453927.48,631.06,-8902.29,257219.50,1150.41
2019-09-03 00:00,3.60,1.29,9.99,0.13,0.00,2.60,14.18,10.93,0.03,0.98,-6.32,-0.16,7.60,12.35,18.00,96.53,-29861.62,30651.03,470859.91,18322.01,0.00,400266.33,1373663.13,1283904.37,5693.28,-65930.60,385874.54,6850.56
2019-09-04 00:00,1.19,1.14,3.92,0.16,0.00,3.85,15.79,14.42,0.03,1.23,-2.47,-0.14,9.70,12.84,17.70,136.34,123722.01,127755.00,536033.80,27356.86,0.00,622631.65,2127696.17,2010073.50,7706.29,-130466.31,411723.85,18330.33
2019-09-05 00:00,4.39,1.27,17.18,0.11,0.00,1.82,12.22,9.14,0.02,1.02,-8.76,-0.18,11.20,13.75,17.50,80.30,89661.68,47637.83,1068366.28,8689.98,0.00,206204.05,1045231.86,830746.23,1668.03,-86871.55,572010.11,9265.02
2019-09-06 00:00,2.93,0.81,34.32,0.12,0.00,0.88,3.45,6.99,0.00,0.03,-7.71,-0.11,9.60,11.67,14.00,63.20,177355.52,53512.32,2124179.20,7512.51,0.00,66401.63,215881.13,449370.30,28.80,-2791.53,462299.83,7070.22
2019-09-07 00:00,3.10,1.21,27.70,0.16,0.00,0.65,3.36,8.23,0.00,0.20,-7.05,-0.16,8.80,11.44,14.50,68.77,144315.16,57622.10,1730295.27,13474.62,0.00,64256.52,316464.81,638114.92,30.35,-12197.59,459921.70,6549.28
2019-09-08 00:00,3.41,1.32,31.33,0.11,0.00,0.35,3.75,6.80,0.00,0.02,-10.56,-0.15,10.00,12.30,15.40,39.67,-23463.79,8640.33,1146301.88,4942.14,0.00,20752.37,186912.15,267999.87,-122.97,-849.72,311203.46,2356.73
2019-09-09 00:00,4.86,1.79,10.39,0.13,0.00,1.93,9.23,10.52,0.01,1.18,-1.00,-0.15,6.30,10.72,14.50,91.51,392264.76,147770.60,643792.59,14013.70,0.00,254074.09,894504.62,1134736.39,1286.96,-122546.96,86734.40,11897.51
2019-09-10 00:00,4.99,1.81,3.40,0.15,0.00,3.87,11.39,17.48,0.05,0.22,-4.50,-0.17,3.60,10.62,17.10,151.20,400052.52,149189.41,414742.85,32675.71,0.00,733978.88,1590588.17,2591763.39,8894.49,-70458.91,472617.59,20730.00
2019-09-11 00:00,5.23,1.92,16.20,0.08,0.00,1.15,8.76,10.58,0.03,0.01,-7.00,-0.10,8.90,16.86,23.90,74.87,299783.69,114914.13,1169897.59,5303.22,0.00,96074.83,680149.63,825069.17,3447.08,-729.04,523180.64,7374.63
2019-09-12 00:00,5.15,1.57,19.50,0.12,0.00,1.83,3.90,10.94,0.00,0.00,-7.69,-0.17,10.80,16.47,19.20,67.58,179296.50,72539.58,833764.14,10097.15,0.00,203773.62,417595.44,879970.41,28.83,0.00,377686.74,3082.76
2019-09-13 00:00,4.50,1.75,6.60,0.09,0.00,3.43,12.56,15.80,0.00,0.00,-9.36,-0.12,7.20,12.21,17.00,100.13,320928.30,129052.49,631460.50,9774.94,0.00,350841.22,1256840.16,1602716.70,44.86,0.00,895547.16,11988.62
2019-09-14 00:00,5.06,1.81,6.16,0.10,0.00,3.30,14.60,10.12,0.00,0.00,-9.08,-0.13,8.40,18.20,26.70,94.75,280876.60,112035.64,542071.85,8121.92,0.00,359727.92,1339059.09,979681.31,41.29,0.00,787845.06,13110.10
2019-09-15 00:00,3.67,0.29,22.65,0.12,0.00,1.33,6.22,3.50,0.00,0.02,-5.95,-0.19,15.90,21.53,27.50,4.97,-394369.10,-30505.17,-134654.40,3511.74,0.00,92297.98,121825.01,88219.69,-3.60,-2377.63,-319.89,-6446.98
2019-09-16 00:00,3.02,0.66,20.38,0.17,0.00,1.66,10.70,5.42,0.01,0.32,-6.38,-0.18,7.70,11.79,15.20,78.84,171403.37,38379.60,1478831.29,15465.06,0.00,219396.13,894953.41,503495.59,497.83,-21519.63,585510.33,9621.51
2019-09-17 00:00,5.63,1.87,16.99,0.13,0.00,3.32,13.01,10.95,0.00,0.00,-13.59,-0.15,4.80,10.37,15.20,108.49,537450.59,190095.81,1499677.22,16465.27,0.00,481723.14,1424827.60,1288396.29,38.80,0.00,1362674.82,14346.29
2019-09-18 00:00,5.54,1.30,23.05,0.08,0.00,0.88,10.44,6.34,0.03,0.00,-10.44,-0.16,8.10,15.52,21.50,28.49,203118.42,44761.18,557184.98,1784.57,0.00,33622.25,365461.86,223142.86,1605.06,0.00,326076.62,4532.84
2019-09-19 00:00,4.02,1.02,29.32,0.12,0.00,0.50,4.45,3.34,0.00,0.00,-7.83,-0.14,17.60,22.94,28.70,21.69,-350196.67,-56591.40,643243.42,5975.39,0.00,19724.09,73154.15,110942.52,6.46,0.00,108343.12,-7518.98
2019-09-20 00:00,1.47,0.42,15.85,0.11,0.00,1.72,9.08,6.11,0.01,1.12,-2.02,-0.13,9.90,15.64,24.40,87.24,168530.27,52423.86,1020932.34,11159.63,0.00,188228.71,869397.25,656465.86,3419.24,-125077.19,99937.71,7149.27
2019-09-21 00:00,4.51,0.84,18.21,0.11,0.00,1.64,6.80,5.93,0.02,0.03,-4.71,-0.17,9.60,11.51,14.90,25.35,-926134.28,-135722.29,-240535.12,14515.67,0.00,261762.87,331086.30,340699.90,3127.12,-3292.09,-132232.76,-22138.95
2019-09-22 00:00,3.96,1.39,16.96,0.12,0.00,4.09,8.70,7.01,0.00,0.00,-8.36,-0.18,7.80,11.24,15.10,91.09,175664.95,64991.59,1406312.81,11561.60,0.00,399331.09,801076.09,685455.56,38.31,0.00,647335.34,16358.02
2019-09-23 00:00,4.46,1.82,11.99,0.12,0.00,1.55,11.43,8.69,0.00,0.02,-3.88,-0.14,9.20,12.10,15.10,99.06,330908.64,139065.45,973500.00,12648.61,0.00,211092.70,1163101.90,989058.47,176.54,-2697.27,356424.19,11460.24
2019-09-24 00:00,4.40,1.86,2.56,0.17,0.00,3.65,15.83,10.22,0.00,0.51,-2.93,-0.15,6.30,10.90,15.40,136.96,419317.94,182741.48,385561.56,28831.79,0.00,659923.16,2054281.69,1431595.14,218.74,-44901.86,441495.41,15838.94
2019-09-25 00:00,5.16,1.77,6.08,0.12,0.00,5.53,15.15,7.52,0.00,0.00,-5.40,-0.17,5.50,12.24,19.20,150.25,482989.13,171673.17,691430.47,21723.86,0.00,1043117.77,2175767.18,1230675.98,65.16,0.00,724520.25,19975.30
2019-09-26 00:00,5.63,1.57,6.97,0.13,0.00,4.96,13.24,5.39,0.00,0.19,-3.91,-0.16,9.80,17.57,24.30,121.98,285359.95,104702.61,726210.68,20572.03,0.00,690185.30,1642116.09,730638.27,152.45,-22098.01,467401.43,11273.94
2019-09-27 00:00,5.38,0.60,17.52,0.14,0.00,1.53,11.53,3.68,0.00,0.01,-5.74,-0.16,8.60,14.84,18.50,-19.35,-531316.30,-14222.35,-726736.89,2629.32,0.00,121642.35,-232460.34,57106.69,-15.81,-692.15,-223257.20,-11584.95
2019-09-28 00:00,4.96,1.61,9.11,0.16,0.00,3.16,11.58,6.47,0.00,0.13,-4.04,-0.18,5.10,10.81,16.00,100.96,155586.72,63405.22,341658.09,24107.99,0.00,692913.42,1062626.31,1014167.86,40.19,-10346.08,380536.24,-474.58
2019-09-29 00:00,5.38,1.67,7.62,0.11,0.00,4.53,5.90,8.26,0.00,0.48,-1.60,-0.19,6.10,11.97,17.50,90.15,203815.79,62907.57,709046.43,10599.52,0.00,443040.51,473599.49,808120.58,36.47,-48716.04,125804.23,12539.88
2019-09-30 00:00,5.75,1.74,15.98,0.15,0.00,4.13,4.09,6.91,0.00,0.34,-3.39,-0.13,9.40,15.03,21.10,96.61,490011.78,160552.10,1408017.22,16760.25,0.00,448351.74,392257.14,758493.43,44.18,-33153.13,323055.41,10300.21
2019-10-01 00:00,5.76,1.19,21.55,0.13,0.00,3.58,3.98,6.92,0.02,0.04,-7.35,-0.15,15.00,21.63,28.40,84.67,360835.96,102516.49,1506755.86,13855.64,0.00,422010.66,325772.61,749357.81,3718.53,-3903.62,590818.60,6709.18
2019-10-02 00:00,5.76,0.59,22.21,0.11,0.00,3.57,3.77,7.07,0.02,0.60,-7.03,-0.20,12.90,21.08,27.20,2.12,-646602.94,-30859.52,-863994.25,7373.38,0.00,317606.38,-6313.21,292391.49,2924.96,-80725.19,-243199.09,-18039.94
2019-10-03 00:00,5.31,1.73,5.04,0.15,0.00,7.07,4.12,10.56,0.02,2.26,-1.32,-0.13,13.10,15.40,18.80,110.19,469415.88,160715.43,548718.12,20250.79,0.00,811356.61,441312.44,1226746.17,3826.19,-225156.59,181804.83,11433.71
2019-10-04 00:00,3.71,1.07,15.69,0.16,0.00,5.32,3.92,5.88,0.00,0.31,-3.52,-0.20,12.70,21.84,31.10,93.94,158291.80,71711.40,1303039.50,17754.69,0.00,647485.11,356250.36,595007.44,41.10,-27986.20,329333.64,9985.70
2019-10-05 00:00,2.73,0.52,21.05,0.14,0.00,2.21,4.03,3.95,0.01,0.07,-5.37,-0.13,15.90,24.76,33.60,4.75,-395098.06,28407.72,-209976.02,8308.17,0.00,167745.52,19530.53,-39486.69,1084.11,-5437.47,-35371.24,-14705.36
2019-10-06 00:00,1.97,1.33,23.00,0.13,0.00,0.85,6.50,2.61,0.01,0.61,-6.48,-0.16,13.40,15.69,17.90,54.96,14270.14,27061.18,864177.43,10663.51,0.00,95038.34,472981.58,183402.04,2228.19,-73403.14,150509.08,1030.37
2019-10-07 00:00,3.67,1.02,18.43,0.13,0.00,1.16,8.41,2.80,0.00,0.35,-4.73,-0.21,11.60,13.60,16.40,-3.89,-690313.30,-140407.08,-677743.62,3368.34,0.00,101689.69,303399.59,-14805.17,-10.78,-29782.19,-283948.08,-21703.16
2019-10-08 00:00,4.70,1.33,21.69,0.12,0.00,1.49,10.68,3.59,0.02,0.00,-7.53,-0.18,8.60,11.89,15.90,87.52,399520.95,125320.46,1651817.24,11521.71,0.00,168508.11,967224.46,399826.47,2851.40,0.00,585260.01,9778.72
2019-10-09 00:00,5.94,2.12,11.26,0.10,0.00,3.75,15.27,7.69,0.04,0.00,-9.72,-0.13,8.60,12.73,16.90,113.18,593186.55,216496.46,1265826.35,11407.56,0.00,445562.28,1701518.62,911260.78,4574.97,0.00,1102564.13,14864.70
2019-10-10 00:00,6.02,1.86,9.70,0.15,0.00,4.87,15.22,7.84,0.02,0.00,-10.02,-0.13,7.00,13.97,20.80,134.61,479301.40,163799.46,1346511.28,23135.98,0.00,643858.75,1959503.92,1113488.54,3128.03,0.00,1277040.72,12611.21
2019-10-11 00:00,6.30,2.06,13.09,0.10,0.00,2.87,14.39,4.83,0.00,0.00,-8.73,-0.14,9.40,15.63,21.20,92.77,518660.07,173968.33,1109533.66,9659.38,0.00,277878.18,1355654.94,464948.65,42.47,0.00,742320.07,8427.38
2019-10-12 00:00,6.03,2.12,15.07,0.12,0.00,1.15,11.10,4.27,0.00,0.00,-8.10,-0.12,10.50,18.89,25.00,87.06,485616.30,175696.35,1171898.34,10626.57,0.00,107225.50,992055.18,428768.73,39.78,0.00,648321.92,9468.55
2019-10-13 00:00,2.10,1.05,18.63,0.13,0.00,0.81,10.35,4.83,0.00,0.35,-7.01,-0.18,14.70,19.41,23.50,81.50,120747.63,61699.52,1210887.47,12108.90,0.00,109686.72,914556.96,502968.41,36.53,-30707.21,477696.41,10793.62
2019-10-14 00:00,5.06,2.07,6.74,0.10,0.00,3.60,15.02,7.09,0.04,0.32,-6.10,-0.16,11.10,14.79,18.40,111.55,412213.87,175130.57,763055.24,11656.10,0.00,389851.03,1635408.95,852295.04,2393.09,-32494.28,648928.08,15653.65
2019-10-15 00:00,3.87,1.19,6.22,0.14,0.00,3.23,15.18,9.01,0.10,0.32,-4.07,-0.16,6.90,13.47,18.80,108.55,361855.07,112673.51,553720.58,18897.28,255.41,358901.23,1641117.87,1052781.26,9883.23,-31630.88,388212.62,15508.95
2019-10-16 00:00,4.87,0.95,20.57,0.16,0.01,1.47,11.36,7.05,0.04,0.00,-10.78,-0.20,10.40,13.96,16.70,60.89,405.07,56580.01,874593.79,12819.03,469.70,76920.84,823579.75,564845.79,933.75,0.00,534014.71,1497.94
2019-10-17 00:00,6.16,1.48,19.31,0.18,0.05,1.32,8.42,6.43,0.04,0.00,-8.67,-0.15,8.70,12.71,16.00,78.29,120725.81,54084.81,1187868.06,15753.89,4107.53,134837.41,742987.79,595921.31,290.51,0.00,497802.64,3517.71
2019-10-18 00:00,5.64,1.18,21.16,0.12,0.07,1.07,10.56,3.93,0.00,0.00,-8.74,-0.16,7.90,13.58,19.40,55.91,-145536.61,-1520.42,872125.18,7146.42,-1107.29,91628.28,732197.54,246932.98,19.21,0.00,297721.46,-2977.83
2019-10-19 00:00,5.34,1.35,22.95,0.14,0.08,0.54,10.02,3.00,0.00,0.00,-10.44,-0.21,9.20,12.90,16.30,26.00,-240900.08,-37916.61,292052.85,4090.09,-1543.80,49298.00,384718.12,110816.13,6.78,0.00,74375.12,-7942.03
2019-10-20 00:00,6.17,2.11,7.04,0.13,0.00,0.76,14.35,5.47,0.00,0.63,-5.48,-0.11,7.40,13.02,17.70,86.47,370941.75,139377.88,606620.66,10719.19,147.66,79947.28,1194299.16,509123.18,37.60,-47652.15,427681.53,8167.67
2019-10-21 00:00,6.19,1.82,9.10,0.13,0.07,1.23,15.36,7.15,0.00,0.07,-6.33,-0.15,8.20,17.31,24.30,106.37,586609.21,174024.47,879899.79,14119.95,7576.44,158006.78,1594851.15,794188.55,47.13,-10803.25,590146.65,15617.87
2019-10-22 00:00,6.50,1.96,6.62,0.13,0.04,2.16,14.57,7.20,0.00,0.38,-3.99,-0.15,11.50,21.37,29.60,108.80,540811.29,168540.85,746542.84,13707.38,2763.79,246821.44,1557905.16,790882.35,48.96,-49986.02,420908.76,15517.74
2019-10-23 00:00,6.48,2.21,6.51,0.11,0.02,0.99,14.56,8.22,0.00,1.80,-2.36,-0.13,15.50,26.30,33.40,101.99,567688.97,198608.69,613129.94,11834.72,1448.39,110353.61,1455022.21,860202.93,46.10,-217522.44,202072.60,12497.20
2019-10-24 00:00,6.48,1.09,26.80,0.14,0.00,0.62,10.93,5.19,0.00,0.25,-8.30,-0.20,15.70,28.04,36.10,56.53,176256.68,62138.82,1336112.98,9667.94,0.00,51733.20,680032.67,330951.27,25.09,-21571.92,382881.40,2926.07
2019-10-25 00:00,4.90,1.23,29.89,0.10,0.01,0.53,4.78,2.31,0.00,0.00,-8.94,-0.18,13.00,15.58,19.10,-5.65,-494231.49,-91247.33,-263097.14,-1746.72,498.88,-9768.73,-74046.45,-19925.63,-317.50,0.00,-333784.17,-16941.75
2019-10-26 00:00,5.94,1.13,24.34,0.15,0.08,0.47,5.66,3.60,0.00,0.09,-9.18,-0.17,11.70,14.54,17.40,24.31,-337779.58,-43769.54,332801.03,3404.41,-4553.64,27606.59,166738.35,133782.04,-262.29,-7562.95,-21572.49,-9443.54
2019-10-27 00:00,5.12,2.02,8.50,0.12,0.09,0.12,10.22,7.30,0.00,1.68,-3.89,-0.12,12.30,15.09,18.70,82.18,309801.53,132166.36,648442.79,10253.38,6769.84,11933.76,854535.46,636252.85,36.57,-135438.53,289088.26,8146.48
2019-10-28 00:00,6.88,2.23,4.76,0.13,0.01,0.30,14.72,11.19,0.00,0.28,-5.31,-0.13,8.30,16.47,24.90,99.60,575102.64,190967.05,467539.70,12855.54,854.88,32258.46,1432737.03,1131726.22,45.06,-27907.48,482111.65,12411.27
2019-10-29 00:00,6.80,1.90,10.65,0.10,0.23,1.29,8.92,9.37,0.18,0.81,-2.75,-0.11,15.30,23.88,32.50,127.90,697824.28,245688.44,933012.05,13990.52,30306.11,257736.69,1215156.53,1313952.45,46504.39,-85021.38,231544.68,13579.88
2019-10-30 00:00,6.44,1.32,13.02,0.13,0.25,0.36,13.06,11.19,0.06,0.17,-4.27,-0.17,15.10,26.88,35.00,104.35,584267.59,147415.06,782175.82,17671.20,26826.28,62479.01,1342272.75,1454825.01,13067.91,-44146.29,218551.44,11778.31
2019-10-31 00:00,6.36,0.53,32.70,0.21,0.27,0.06,6.94,6.50,0.00,0.00,-6.81,-0.21,24.00,29.97,36.50,10.29,142721.86,16359.64,194751.46,3003.26,-2762.18,4815.30,152705.34,88486.38,-1.77,0.00,44797.58,-7851.19
2019-11-01 00:00,3.59,1.44,26.25,0.14,0.24,0.58,9.66,6.34,0.01,0.15,-7.73,-0.22,15.70,23.74,28.90,59.25,332917.12,135140.76,1355984.09,10278.53,11886.82,29023.36,643713.76,411252.44,495.81,-14332.07,402899.75,8466.11
2019-11-02 00:00,5.14,1.50,6.27,0.18,0.05,0.45,11.98,7.67,0.00,2.50,-4.04,-0.14,15.10,17.80,22.70,90.62,415302.39,121211.54,538865.32,17543.40,5172.70,37449.47,1066266.76,677725.86,48.49,-263096.31,323485.72,11592.58
2019-11-03 00:00,6.06,0.57,17.25,0.18,0.01,0.00,9.71,4.27,0.00,0.49,-7.53,-0.23,13.30,15.63,18.50,38.61,-111958.31,12780.12,215581.58,7691.88,-397.10,0.00,526081.62,134507.65,14.33,-41957.41,-32150.04,-4158.86
2019-11-04 00:00,5.88,1.22,25.16,0.16,0.01,0.29,7.44,2.63,0.02,0.24,-8.17,-0.18,12.10,14.80,17.80,54.73,-75676.72,14982.55,1119764.34,10079.32,657.06,22152.98,457878.74,144044.98,1540.67,-22033.98,211022.09,1251.48
2019-11-05 00:00,6.81,2.03,11.78,0.14,0.00,0.35,8.26,3.86,0.02,4.59,-3.11,-0.19,10.00,15.79,22.60,71.73,116418.24,57740.82,595363.35,9875.18,0.01,27592.82,638638.73,274587.99,1586.75,-402953.65,6225.02,6269.69
2019-11-06 00:00,6.62,1.33,22.77,0.15,0.00,0.39,4.82,2.49,0.05,2.49,-5.46,-0.10,12.40,15.90,19.30,61.81,211238.01,57340.83,1242826.14,9162.78,1.29,33061.14,293610.41,156968.63,2936.30,-188931.90,192004.92,6096.26
2019-11-07 00:00,4.43,1.06,22.47,0.13,0.24,0.44,4.20,2.36,0.05,0.00,-6.09,-0.15,12.50,15.56,19.70,31.08,-59081.57,12710.48,703991.08,5314.00,7271.84,41379.48,112412.12,66527.22,-2964.61,0.00,230746.58,-5436.18
2019-11-08 00:00,6.03,0.52,20.34,0.15,0.00,0.62,5.73,2.62,0.02,0.08,-5.22,-0.22,9.90,13.48,16.50,-1.04,-1367466.47,11280.11,-195093.82,-20110.53,-0.14,61517.03,16366.42,-64004.21,2271.33,-7223.39,-3229.88,-16994.19
2019-11-09 00:00,6.01,1.19,10.95,0.16,0.06,0.87,7.64,4.83,0.00,0.71,-2.96,-0.17,9.40,13.64,16.90,46.88,-183326.86,9606.88,400564.30,8771.23,2798.15,67613.50,405968.17,236242.92,15.85,-52718.98,76238.22,-1866.69
2019-11-10 00:00,6.90,2.06,3.63,0.18,0.14,0.62,8.30,6.47,0.00,3.24,-0.60,-0.16,12.90,16.78,23.10,98.76,330493.34,111937.25,292674.41,19704.62,8811.38,86632.05,830850.21,734958.15,40.38,-307634.28,27216.47,11056.47
2019-11-11 00:00,6.36,0.32,22.57,0.15,0.31,0.19,4.74,3.79,0.00,0.76,-2.01,-0.19,13.60,23.14,32.60,-54.61,-1843117.09,-24947.14,-1071833.44,-19514.62,-18981.07,15198.19,-300333.27,-61938.93,-37.76,70831.84,140656.42,-19030.39
2019-11-12 00:00,5.11,0.63,30.23,0.19,0.09,0.28,5.30,3.45,0.03,0.00,-10.18,-0.18,12.90,14.26,17.30,45.90,189360.88,26797.59,1355234.44,9733.44,2990.62,12503.99,246402.53,158809.05,1726.95,0.00,432237.32,7107.55
2019-11-13 00:00,6.08,0.72,19.16,0.11,0.07,0.32,7.56,5.57,0.00,0.57,-4.77,-0.11,12.70,15.43,18.50,65.30,320394.24,37703.81,1170310.00,6735.77,4879.73,25964.74,506752.01,399440.21,170.64,-39560.66,279362.01,7108.85
2019-11-14 00:00,5.68,0.64,15.60,0.16,0.35,0.57,8.96,4.57,0.05,2.03,-3.32,-0.10,12.70,15.58,18.80,78.72,305814.96,33068.04,1090254.36,11282.37,26090.15,53861.67,687488.73,409321.36,4475.01,-177337.48,163829.43,7128.48
2019-11-15 00:00,4.83,0.53,16.11,0.12,0.02,1.13,9.74,4.45,0.01,2.01,-3.53,-0.16,11.90,15.42,18.20,63.80,241745.75,28454.95,912341.90,7886.25,1232.41,54592.37,621890.41,313440.26,325.52,-150383.52,143582.14,6067.21
2019-11-16 00:00,6.86,0.77,10.00,0.11,0.19,0.54,8.65,4.67,0.08,2.36,-1.47,-0.13,7.80,13.75,18.50,101.85,406330.92,45100.01,1038600.99,16047.79,13715.72,82633.37,814738.49,495051.12,48351.34,-172939.08,97721.96,9824.64
2019-11-17 00:00,6.88,0.75,7.19,0.12,0.00,0.17,8.62,7.20,0.00,2.10,-0.28,-0.16,8.60,14.97,19.50,71.24,334591.05,36590.71,457865.19,8401.84,0.00,18051.44,662198.12,562508.84,30.66,-124278.89,27063.62,10183.43
2019-11-18 00:00,7.10,0.73,9.92,0.12,0.00,0.41,12.46,8.39,0.03,2.16,-2.24,-0.16,11.70,22.64,31.90,75.80,376104.71,39462.18,662150.66,8394.38,5.03,35141.62,958397.48,675066.45,1068.37,-167681.17,126051.13,11835.59
2019-11-19 00:00,6.75,1.34,7.93,0.14,0.08,1.45,13.91,10.41,0.00,1.53,-3.05,-0.15,14.80,21.94,27.30,84.91,426145.72,90325.38,616555.67,11005.78,5329.76,130034.00,1165058.54,897446.00,105.65,-143667.68,197533.22,12432.07
2019-11-20 00:00,6.71,1.77,28.01,0.11,0.45,0.45,9.68,9.83,0.06,0.64,-5.50,-0.15,25.80,34.39,40.90,78.07,436793.02,122889.64,2038336.98,7678.56,35454.71,41584.69,770492.68,815467.25,5295.04,-67350.63,350880.26,10838.31
2019-11-21 00:00,5.05,1.79,27.18,0.10,0.60,0.31,2.14,6.28,0.07,2.17,-6.00,-0.12,13.20,20.76,34.20,59.48,218235.62,83837.28,1590686.03,5974.10,13942.56,20404.12,134637.90,374786.85,3665.02,-137703.07,297641.86,6431.82
2019-11-22 00:00,7.12,2.32,8.13,0.16,1.45,0.40,8.91,6.72,0.08,3.20,-3.88,-0.12,10.70,15.66,21.30,65.55,393466.46,131465.66,518491.12,9763.07,75388.21,30295.70,583265.01,456839.97,4754.15,-207744.46,216987.19,7562.22
2019-11-23 00:00,6.18,2.23,9.72,0.12,0.11,0.00,5.29,4.28,0.00,5.25,-1.53,-0.17,10.50,16.21,21.20,55.11,214686.46,84463.98,499101.88,5849.86,2849.45,0.00,286296.35,251402.80,24.07,-322016.05,48727.80,9012.31
2019-11-24 00:00,7.24,2.31,4.21,0.13,0.27,0.10,6.29,5.93,0.00,6.52,-1.38,-0.16,9.30,18.50,26.70,69.51,327913.85,110080.49,263089.39,7783.10,12369.84,10822.41,456906.60,456076.47,29.53,-439297.85,59630.03,10426.32
2019-11-25 00:00,2.92,0.78,24.92,0.20,0.34,0.07,5.07,5.24,0.07,0.92,-4.27,-0.21,14.50,19.94,27.40,28.40,2513.16,5132.75,648674.13,8594.86,-9927.58,6026.16,185212.37,225823.53,-59.75,-56762.30,185702.01,-1863.35
2019-11-26 00:00,7.04,1.72,18.57,0.14,0.24,0.00,5.61,6.78,0.00,0.21,-5.28,-0.19,10.60,15.04,18.80,18.99,-34877.82,15857.08,173985.92,1639.56,-561.87,0.00,161662.72,281284.15,7.42,-14186.95,104255.75,-3275.30
2019-11-27 00:00,7.28,1.61,11.11,0.13,0.60,0.09,9.32,5.63,0.11,1.16,-2.31,-0.14,8.90,17.01,25.00,47.32,89863.69,22624.31,461994.22,5715.10,29429.51,6009.94,457535.84,284026.19,-2987.78,-75521.07,38654.93,6029.54
2019-11-28 00:00,7.39,1.64,10.76,0.12,2.02,0.51,12.54,5.73,0.08,1.26,-5.73,-0.15,9.30,17.34,24.10,61.20,309237.99,80971.72,564588.69,6976.33,97369.14,36252.28,788371.24,377708.66,3742.56,-77517.80,261808.83,7796.38
2019-11-29 00:00,3.15,1.75,9.16,0.15,1.55,1.15,11.06,6.14,0.06,3.73,-2.26,-0.18,10.30,14.49,18.30,79.82,218857.16,123485.90,663405.49,12379.14,102374.53,98305.59,909824.47,513737.38,5272.62,-319084.14,153691.30,13150.03
2019-11-30 00:00,6.36,1.26,18.42,0.26,0.50,0.44,4.70,2.21,0.00,4.75,-5.80,-0.19,9.40,14.11,18.70,56.53,99775.89,41305.27,772589.99,15393.07,2348.65,32836.81,252320.30,121734.33,23.56,-381193.40,97553.72,5722.58
2019-12-01 00:00,3.70,0.31,29.60,0.18,0.14,0.00,4.20,1.93,0.00,0.10,-7.27,-0.16,11.30,14.53,17.70,35.07,93426.03,10958.37,983407.06,6301.98,2380.30,0.00,139757.63,64277.89,15.51,-4222.01,183443.88,5398.18
2019-12-02 00:00,5.59,1.25,29.69,0.17,1.30,0.70,4.90,1.54,0.05,0.00,-8.63,-0.19,11.80,15.32,19.40,29.77,127060.16,30112.37,853273.45,4836.79,39290.63,23256.45,137669.30,43354.02,1252.05,-80.64,212094.21,5577.65
2019-12-03 00:00,6.26,1.43,26.19,0.20,3.73,0.01,8.25,0.96,0.00,0.14,-10.78,-0.20,14.00,16.29,20.30,3.22,-389306.21,-49371.81,-5978.86,2396.47,-18010.29,-622.21,-56016.43,-5193.53,-2.44,-6289.67,-223685.94,-8596.76
2019-12-04 00:00,7.62,2.23,14.44,0.19,3.04,0.93,7.16,2.07,0.00,4.00,-4.78,-0.13,14.20,17.24,22.30,45.04,197461.34,66922.81,508921.66,8327.82,127942.53,20723.84,278049.11,116887.46,19.33,-287880.22,94836.64,4389.04
2019-12-05 00:00,7.73,2.17,13.30,0.16,1.75,0.37,4.66,4.15,0.00,5.99,-5.05,-0.16,13.40,17.92,23.70,53.30,79483.10,41049.52,421223.32,9972.78,84034.94,17656.83,344032.11,185778.36,21.83,-401341.67,25290.49,1594.53
2019-12-06 00:00,7.81,2.33,9.21,0.17,0.69,0.12,8.06,3.10,0.03,5.12,-1.18,-0.13,11.00,15.94,21.10,46.87,170303.74,57123.06,386412.73,7129.85,33479.25,5435.03,386626.55,151080.75,1521.60,-279144.05,13531.51,5664.41
2019-12-07 00:00,7.90,2.37,6.99,0.20,1.04,0.20,6.78,4.52,0.00,4.36,-0.55,-0.15,8.70,18.18,25.90,51.39,238065.20,78992.35,387370.11,9175.51,48599.54,13575.86,357229.45,249442.15,21.92,-219948.98,29097.08,6847.74
2019-12-08 00:00,7.43,2.30,19.38,0.19,2.18,0.76,5.95,4.91,0.00,3.08,-5.38,-0.14,14.90,29.33,38.50,52.38,263047.08,88642.97,670695.11,9002.59,114306.15,64997.55,329121.80,322885.41,20.78,-271615.90,113296.63,6254.72
2019-12-09 00:00,5.62,1.62,14.40,0.19,2.44,0.24,9.62,4.51,0.06,3.52,-2.74,-0.18,15.70,21.89,31.10,50.38,179901.19,60129.97,655199.42,11010.09,117195.08,16578.27,449192.43,213589.06,1067.99,-218918.09,40740.75,4600.03
2019-12-10 00:00,7.69,2.31,11.05,0.18,1.75,0.00,11.03,2.86,0.12,1.19,-2.17,-0.16,13.40,18.26,25.40,48.34,316859.70,96673.45,514970.77,8641.29,82423.15,0.00,535264.07,135592.64,5544.01,-70333.82,80670.84,7209.07
2019-12-11 00:00,7.79,2.39,13.26,0.15,2.33,0.50,8.50,4.24,0.03,2.09,-5.51,-0.16,11.20,18.11,25.70,55.06,423364.14,129707.25,700299.55,8674.95,129774.42,32543.47,473143.34,240120.42,2203.99,-114683.37,292420.41,8810.80
2019-12-12 00:00,7.69,1.72,19.93,0.19,2.19,0.10,7.87,3.59,0.03,0.15,-7.21,-0.16,13.40,17.77,23.20,40.28,230400.49,52234.69,787484.52,7107.29,87684.59,2807.08,306217.05,149134.87,1053.25,-7476.91,251205.85,6185.33
2019-12-13 00:00,7.47,2.35,11.40,0.19,3.22,0.23,9.45,3.78,0.02,2.02,-4.71,-0.14,12.90,16.50,19.80,57.21,391125.00,123079.74,638348.88,10635.55,182977.10,15058.60,541630.86,214349.27,784.20,-118231.25,247271.67,7978.21
2019-12-14 00:00,7.21,2.31,6.08,0.17,1.93,0.00,11.74,5.32,0.00,2.01,-2.89,-0.14,13.80,17.61,22.50,66.28,395820.73,131654.84,410278.33,11120.05,137567.55,0.00,775380.71,365757.28,29.67,-118504.98,184982.27,8389.76
2019-12-15 00:00,7.68,1.69,10.71,0.19,1.96,0.00,9.12,3.55,0.00,4.85,-4.33,-0.16,12.80,21.57,29.60,57.58,150225.71,40972.62,416517.52,9745.88,114377.52,0.00,499513.39,226478.90,23.65,-331510.53,40818.72,7257.00
2019-12-16 00:00,7.48,2.23,7.76,0.12,2.36,1.47,12.81,6.58,0.00,4.24,-0.60,-0.12,14.80,26.31,33.60,75.10,549564.89,165903.71,539533.96,8708.63,179895.51,120983.73,956550.59,508166.24,34.41,-330891.74,34026.71,8918.02
2019-12-17 00:00,6.71,1.87,13.92,0.18,1.92,3.67,11.50,8.61,0.00,7.03,-1.79,-0.18,19.80,31.85,40.90,89.06,681414.62,190738.57,977552.15,18094.80,185059.99,378619.08,1033228.18,811475.79,219.69,-690839.85,113146.08,13839.12
2019-12-18 00:00,7.24,2.20,14.63,0.14,1.27,5.05,12.97,10.98,0.00,6.60,-0.21,-0.16,27.50,35.42,42.80,99.50,893236.70,270381.17,1033991.76,17990.20,131567.51,637338.55,1276479.34,1278906.46,85.70,-698928.47,8656.69,9554.97
2019-12-19 00:00,7.19,2.23,14.91,0.19,0.97,5.06,13.12,10.48,0.43,8.55,-0.34,-0.16,23.10,35.48,44.50,1113.72,2090181.75,952231.77,6649703.88,922221.84,952874.13,11282840.35,12552122.89,14574218.26,2893481.17,-11034508.42,12822.11,19054.28
2019-12-20 00:00,5.30,1.03,24.97,0.20,1.03,4.07,12.76,11.84,0.18,4.30,-2.61,-0.17,20.70,34.59,43.20,194.50,932234.03,174652.44,3796205.18,64119.91,212798.44,1485164.08,2410544.11,3205850.22,154466.72,-423738.87,820833.04,13697.30
2019-12-21 00:00,4.96,1.91,17.13,0.20,0.56,0.01,5.20,4.00,0.00,4.35,-1.70,-0.18,15.00,18.95,24.50,48.73,126462.83,59141.59,749054.58,10445.93,21741.55,399.79,279216.37,194290.14,19.21,-248131.18,19602.71,7546.85
2019-12-22 00:00,5.10,1.50,15.98,0.13,0.54,0.00,5.23,2.27,0.00,6.27,-2.32,-0.12,13.60,20.92,27.60,42.31,162371.86,47827.47,574013.80,5890.47,23398.15,0.00,228925.78,96637.82,18.67,-328391.99,53075.29,3841.37
2019-12-23 00:00,5.20,1.50,11.58,0.14,1.41,0.47,5.91,2.94,0.00,11.20,0.00,-0.12,17.90,24.56,32.60,62.05,257351.17,76237.90,677379.70,9777.70,95484.67,29084.18,375753.01,188562.52,209.26,-726227.19,0.00,6905.90
2019-12-24 00:00,6.78,2.12,8.05,0.12,0.65,1.40,6.95,3.07,0.00,12.00,0.00,-0.11,14.70,24.21,30.90,65.83,412991.49,129766.18,529114.73,7669.34,43514.78,91323.22,457069.16,203186.30,30.08,-799868.30,0.00,6912.21
2019-12-25 00:00,7.40,2.28,11.77,0.13,0.49,0.55,4.57,2.04,0.00,11.02,0.00,-0.12,19.00,26.44,34.60,49.13,258680.28,82886.16,593684.92,6921.07,23383.88,31520.44,220942.04,97468.66,22.17,-556165.06,0.00,4989.56
2019-12-26 00:00,7.47,2.25,17.20,0.15,0.49,0.00,4.84,2.21,0.00,5.81,-0.41,-0.14,16.90,25.53,33.90,45.33,299258.42,92411.60,756589.01,6686.63,21056.53,0.00,211992.43,99594.87,19.95,-298271.00,12187.77,5742.48
2019-12-27 00:00,7.04,2.03,16.17,0.17,1.34,2.57,8.84,4.64,0.05,8.51,-0.17,-0.16,23.50,32.36,41.30,108.20,669512.95,189612.99,842369.48,34956.84,219592.88,500328.19,1101724.08,726350.46,11746.40,-1129889.90,5083.74,10119.69
2019-12-28 00:00,6.90,1.68,10.86,0.14,1.25,2.10,11.94,5.56,0.00,9.91,0.00,-0.13,23.80,30.28,37.30,69.63,497669.66,122087.09,733529.14,10290.17,96706.10,148864.01,841858.27,398740.94,31.89,-671156.41,0.00,7927.51
2019-12-29 00:00,6.95,1.93,7.73,0.12,2.02,2.83,12.12,9.06,0.00,8.38,-0.12,-0.13,21.90,30.71,37.40,92.87,665067.18,186194.21,678045.51,15380.95,207788.84,311134.72,1130249.20,941843.41,40.80,-633590.76,10497.47,10475.98
2019-12-30 00:00,0.00,0.00,0.00,0.00,0.00,0.00,0.00,0.00,0.00,0.00,0.00,0.00,21.90,30.71,37.40,92.87,0.00,0.00,0.00,0.00,0.00,0.00,0.00,0.00,0.00,0.00,0.00,0.00