date,Battery (Charging) -  GWh,Exports -  GWh,Imports -  GWh,Distillate -  GWh,Gas (Steam) -  GWh,Gas (CCGT) -  GWh,Gas (OCGT) -  GWh,Gas (Reciprocating) -  GWh,Battery (Discharging) -  GWh,Wind -  GWh,Solar (Utility) -  GWh,Solar (Rooftop) -  GWh,Temperature Min - C,Temperature Mean - C,Temperature Max - C,Distillate Emissions Vol - tCO₂e,Gas (Steam) Emissions Vol - tCO₂e,Gas (CCGT) Emissions Vol - tCO₂e,Gas (OCGT) Emissions Vol - tCO₂e,Gas (Reciprocating) Emissions Vol - tCO₂e,Emissions Intensity - kgCO₂e/MWh,Price - AUD/MWh,Battery (Charging) Market Value - AUD,Exports Market Value - AUD,Imports Market Value - AUD,Distillate Market Value - AUD,Gas (Steam) Market Value - AUD,Gas (CCGT) Market Value - AUD,Gas (OCGT) Market Value - AUD,Gas (Reciprocating) Market Value - AUD,Battery (Discharging) Market Value - AUD,Wind Market Value - AUD,Solar (Utility) Market Value - AUD,Solar (Rooftop) Market Value - AUD
2020-05-29,-0.19,-3.84,1.77,0.00,7.23,12.98,0.91,2.06,0.16,13.26,1.19,4.01,8.30,13.53,19.10,-1.80,4340.00,5192.00,636.80,1234.00,NaN,55.37,8243.00,163737.00,79733.00,-78.34,376475.00,630488.00,68797.00,114290.00,7555.00,562025.00,42296.00,136189.00
2020-05-30,-0.19,-4.06,0.31,0.00,2.63,4.28,0.15,0.64,0.12,30.93,0.26,2.26,13.00,15.13,19.30,-1.34,1578.00,1712.00,105.10,385.50,NaN,10.10,-667.90,-47308.00,10547.00,-23.17,48983.00,47627.00,6727.00,26580.00,1885.00,360241.00,-1545.00,-75993.00
2020-05-31,-0.17,-0.67,2.51,0.00,2.95,4.28,0.19,0.63,0.13,24.69,0.64,1.90,10.60,12.43,14.30,-2.11,1769.00,1713.00,134.60,379.60,NaN,32.02,4965.00,26057.00,83419.00,-59.08,101560.00,126414.00,9091.00,28711.00,3947.00,738056.00,17304.00,47743.00
2020-06-01,-0.20,-2.86,1.43,0.00,3.23,7.32,0.57,0.77,0.14,28.22,0.54,3.18,9.80,12.04,14.20,-2.08,1936.00,2929.00,401.70,462.80,NaN,36.41,3340.00,67193.00,64411.00,-68.59,111787.00,250908.00,24041.00,32342.00,5557.00,849078.00,19044.00,114203.00
2020-06-02,-0.17,-6.04,1.18,0.02,4.67,13.11,0.71,1.14,0.14,23.02,0.74,2.35,11.10,13.38,16.30,17.71,2805.00,5244.00,493.70,681.20,NaN,47.58,4616.00,222801.00,42165.00,581.60,184186.00,473548.00,36622.00,57106.00,5591.00,809030.00,26767.00,80359.00
2020-06-03,-0.16,0.00,5.65,0.01,4.76,13.66,0.88,0.71,0.13,10.89,0.61,2.45,5.80,12.05,15.40,13.16,2859.00,5463.00,618.80,424.10,NaN,47.92,5063.00,0.00,280873.00,602.10,252622.00,654138.00,59981.00,55008.00,6884.00,448632.00,27292.00,106303.00
2020-06-04,-0.19,-1.70,3.96,0.01,5.96,13.93,0.86,1.53,0.15,12.31,1.11,3.83,4.00,8.92,15.70,12.68,3576.00,5573.00,604.40,915.80,NaN,56.78,8302.00,58158.00,277745.00,546.40,379487.00,742370.00,77259.00,114102.00,8892.00,507110.00,44771.00,151942.00
2020-06-05,-0.16,0.00,9.02,0.00,7.04,14.57,1.23,1.81,0.15,3.23,1.15,3.78,4.00,9.21,15.30,-2.30,4226.00,5826.00,862.80,1088.00,NaN,66.66,8095.00,0.00,565383.00,-148.50,545499.00,973687.00,110115.00,161134.00,13074.00,183625.00,54568.00,172963.00
2020-06-06,-0.19,0.00,13.93,0.00,5.91,11.09,0.58,2.34,0.12,2.42,0.64,2.45,5.00,9.04,13.90,-2.23,3545.00,4437.00,405.60,1403.00,NaN,60.84,9662.00,0.00,834392.00,-133.30,366032.00,655452.00,38530.00,154266.00,7396.00,154880.00,36065.00,133732.00
2020-06-07,-0.13,-0.16,5.95,0.00,5.01,9.67,0.55,1.17,0.10,14.10,0.99,2.53,4.30,8.65,12.80,-2.61,3005.00,3869.00,384.10,702.30,NaN,55.39,5956.00,5342.00,344757.00,-133.00,313665.00,519856.00,48889.00,92085.00,7668.00,697666.00,47655.00,119608.00
2020-06-08,-0.17,-0.04,6.29,0.00,7.19,8.41,0.66,1.30,0.11,12.56,1.14,3.72,2.10,7.00,14.10,-3.08,4312.00,3366.00,464.10,780.60,NaN,67.85,8799.00,1968.00,438603.00,-186.90,560107.00,566305.00,79215.00,129829.00,14127.00,739081.00,62679.00,193037.00
2020-06-09,-0.17,-2.02,6.55,0.01,9.21,14.78,1.00,2.26,0.15,10.07,0.93,3.30,1.80,7.59,14.00,14.78,5526.00,5910.00,697.70,1358.00,NaN,148.32,11175.00,126433.00,1236495.00,1423.00,1605569.00,2041313.00,347025.00,463959.00,75107.00,603816.00,71476.00,249234.00
2020-06-10,-0.27,0.00,11.64,0.30,9.73,11.88,2.69,2.51,0.24,2.64,1.13,3.82,1.40,7.57,15.00,303.00,5836.00,4752.00,1884.00,1503.00,NaN,130.42,21751.00,0.00,1158830.00,132111.00,1438377.00,1573467.00,572403.00,409011.00,58219.00,236147.00,102509.00,335053.00
2020-06-11,-0.31,0.00,8.91,0.02,9.65,16.28,2.19,2.02,0.26,2.78,1.06,3.45,1.50,8.84,17.00,22.13,5792.00,6513.00,1530.00,1215.00,NaN,107.51,20235.00,0.00,908392.00,3353.00,1177824.00,1651395.00,317108.00,300358.00,50025.00,260240.00,71656.00,219476.00
2020-06-12,-0.24,-6.25,0.64,0.00,5.58,13.18,0.25,1.18,0.18,24.59,1.00,3.36,7.40,14.66,19.70,-0.74,3350.00,5270.00,176.30,708.10,NaN,58.03,9742.00,263659.00,43447.00,-37.16,277967.00,621368.00,13160.00,60024.00,8034.00,1050474.00,40733.00,134228.00
2020-06-13,-0.14,-1.25,3.64,0.00,2.48,4.18,0.00,0.35,0.12,31.08,0.10,0.58,11.30,13.62,16.30,-0.85,1487.00,1673.00,0.12,209.00,NaN,33.52,4432.00,18487.00,137097.00,-29.72,80522.00,129868.00,6.22,14008.00,4229.00,963767.00,4040.00,22134.00
2020-06-14,-0.18,-0.66,2.05,0.00,2.69,4.18,0.12,0.44,0.14,29.36,0.73,1.36,8.80,12.26,15.30,-1.57,1611.00,1674.00,82.36,261.20,NaN,27.46,4361.00,5964.00,70746.00,-36.05,84768.00,106594.00,5157.00,21608.00,3625.00,756898.00,16418.00,28398.00
2020-06-15,-0.17,-2.04,1.69,0.00,2.95,5.47,0.29,0.56,0.12,29.07,0.97,2.70,12.30,14.32,17.40,-1.05,1768.00,2188.00,204.90,333.30,NaN,27.14,3830.00,26175.00,61841.00,-25.38,84194.00,145444.00,11922.00,21980.00,3512.00,699042.00,20315.00,51135.00
2020-06-16,-0.24,-0.94,5.63,0.00,4.89,8.27,0.55,1.40,0.17,19.52,1.11,1.85,10.90,13.18,16.10,0.75,2936.00,3307.00,382.90,836.90,NaN,37.22,5934.00,13041.00,233673.00,23.37,223970.00,359854.00,35008.00,80380.00,7174.00,523420.00,33881.00,54552.00
2020-06-17,-0.22,-0.06,7.99,0.00,6.59,15.37,0.73,3.25,0.19,3.95,1.02,2.54,9.40,12.85,16.60,1.17,3952.00,6150.00,514.50,1951.00,NaN,71.95,12939.00,2212.00,530925.00,159.60,544275.00,1091935.00,80323.00,257702.00,22317.00,219566.00,63477.00,150553.00
2020-06-18,-0.24,-9.96,0.01,0.00,3.63,9.54,0.25,1.14,0.21,31.58,1.22,3.54,12.00,15.01,18.60,1.02,2179.00,3817.00,177.20,683.20,NaN,24.38,503.50,79353.00,264.60,-9.34,103495.00,189605.00,13349.00,51737.00,4120.00,522646.00,11331.00,21003.00
2020-06-19,-0.20,-6.29,0.95,0.00,3.84,7.92,0.33,1.11,0.19,31.69,0.79,1.54,11.00,13.75,15.90,-0.53,2306.00,3169.00,231.00,666.80,NaN,30.41,3411.00,105546.00,37070.00,-14.70,97503.00,219488.00,13498.00,43594.00,4979.00,718525.00,10745.00,18898.00
2020-06-20,-0.19,-2.72,1.92,0.00,2.93,6.69,0.23,0.62,0.17,27.03,0.79,2.23,9.70,11.42,14.20,-1.15,1756.00,2675.00,160.40,370.80,NaN,38.84,6122.00,92241.00,60982.00,-38.78,100566.00,234051.00,9791.00,24918.00,5945.00,917513.00,23964.00,65324.00
2020-06-21,-0.20,-4.80,0.15,0.00,3.32,6.10,0.23,1.19,0.14,29.10,0.89,2.74,10.70,12.43,14.30,-1.23,1993.00,2440.00,159.90,715.40,NaN,42.81,5156.00,153839.00,5610.00,-37.44,121516.00,218699.00,11451.00,52082.00,5295.00,970677.00,29670.00,89291.00
2020-06-22,-0.18,-7.09,0.38,0.00,4.56,10.85,0.49,2.08,0.17,29.05,0.78,2.44,8.90,11.66,14.10,-0.64,2737.00,4342.00,346.30,1249.00,NaN,54.64,5555.00,282951.00,12932.00,-24.53,202215.00,457297.00,29724.00,103695.00,9601.00,1133406.00,34202.00,107548.00
2020-06-23,-0.18,-1.96,6.11,0.01,7.06,14.13,0.39,1.54,0.15,11.57,1.21,2.02,11.20,11.96,13.70,7.83,4238.00,5651.00,274.40,922.80,NaN,53.61,5984.00,47595.00,350205.00,1362.00,421968.00,714210.00,29109.00,103054.00,11093.00,413609.00,59340.00,96865.00
2020-06-24,-0.19,-0.04,7.35,0.00,8.35,15.05,0.95,1.66,0.15,4.90,1.17,2.15,10.00,11.69,14.50,-1.48,5008.00,6022.00,663.60,996.30,NaN,59.19,8955.00,4848.00,360919.00,-84.72,546819.00,882481.00,70526.00,121941.00,11236.00,259926.00,67667.00,120713.00
2020-06-25,-0.12,-0.50,5.87,0.00,6.76,12.84,0.23,1.43,0.07,11.70,1.38,2.58,9.00,11.41,16.30,-1.38,4055.00,5138.00,164.00,859.10,NaN,44.04,4021.00,10724.00,295660.00,-22.42,328281.00,566127.00,16277.00,78371.00,2905.00,409159.00,52736.00,95978.00
2020-06-26,-0.12,0.00,10.28,0.00,8.43,14.59,0.98,2.77,0.09,0.67,0.72,2.48,8.80,11.89,15.60,-2.08,5055.00,5834.00,687.10,1665.00,NaN,60.36,6469.00,0.00,574739.00,-118.20,555434.00,879455.00,72711.00,186658.00,6149.00,39319.00,34732.00,113255.00
2020-06-27,-0.15,-0.35,7.00,0.00,6.27,13.88,0.31,1.71,0.13,4.24,1.10,3.36,5.30,11.36,16.70,-1.78,3763.00,5552.00,214.20,1028.00,NaN,51.62,6521.00,11150.00,372253.00,-84.75,361483.00,704472.00,24317.00,110136.00,7334.00,178059.00,41265.00,119086.00
2020-06-28,-0.17,-0.49,5.34,0.00,6.02,13.47,0.45,1.39,0.11,6.61,1.42,3.60,5.70,10.48,16.30,-2.18,3613.00,5388.00,315.60,836.40,NaN,51.36,7153.00,13599.00,271446.00,-103.30,373693.00,676670.00,45930.00,104383.00,6481.00,280341.00,47153.00,111193.00
2020-06-29,-0.15,-4.92,0.19,0.00,6.14,12.95,0.68,1.45,0.15,21.74,1.44,3.71,4.30,10.66,14.70,-1.98,3684.00,5178.00,478.30,867.30,NaN,47.49,5423.00,161187.00,7458.00,-75.99,277139.00,518559.00,38727.00,78006.00,8769.00,766327.00,57067.00,141503.00
2020-06-30,-0.17,-3.26,3.04,0.00,6.14,6.21,0.64,0.84,0.17,20.08,1.09,3.26,8.90,11.81,15.60,-1.69,3683.00,2483.00,448.20,502.70,NaN,36.51,3770.00,68176.00,129205.00,-51.50,234157.00,226792.00,29956.00,39951.00,4195.00,563821.00,26121.00,62541.00
2020-07-01,-0.08,-3.11,2.81,0.00,2.97,4.91,0.46,0.09,0.03,29.33,0.42,3.13,9.90,13.48,20.00,-1.54,1780.00,1962.00,324.70,53.13,NaN,36.50,2870.00,49331.00,126782.00,-47.83,110673.00,168412.00,20158.00,3997.00,1252.00,937893.00,10850.00,62688.00
2020-07-02,-0.13,-2.63,2.01,0.00,3.53,6.54,0.68,1.01,0.09,27.07,1.02,2.93,9.30,11.23,13.80,-2.22,2117.00,2617.00,475.00,608.50,NaN,40.74,4812.00,68113.00,92460.00,-76.24,143645.00,255910.00,31937.00,47308.00,3096.00,933989.00,35904.00,98539.00
2020-07-03,-0.18,-4.16,0.98,0.00,4.85,8.34,0.59,1.63,0.10,27.04,0.84,2.47,9.00,11.23,13.40,-1.99,2908.00,3337.00,415.20,978.90,NaN,47.74,6604.00,160438.00,39167.00,-75.09,203106.00,345108.00,24533.00,71419.00,4019.00,1037428.00,34037.00,103574.00
2020-07-04,-0.05,-0.62,1.65,0.00,9.02,11.42,0.81,2.55,0.05,9.55,1.07,2.30,7.90,11.16,14.70,-1.81,5411.00,4567.00,566.80,1529.00,NaN,52.10,2000.00,34616.00,66857.00,-84.70,476793.00,592739.00,46108.00,143886.00,2714.00,442519.00,51188.00,106896.00
2020-07-05,-0.10,-0.68,2.49,0.00,9.46,13.89,0.97,2.40,0.09,4.41,0.90,2.58,8.40,11.65,14.60,-1.57,5674.00,5555.00,675.80,1440.00,NaN,53.09,2910.00,35793.00,115398.00,-75.30,517780.00,698471.00,60971.00,138503.00,4736.00,194940.00,42718.00,119879.00
2020-07-06,-0.21,-3.34,1.97,0.03,10.05,14.85,1.62,2.95,0.13,9.82,1.06,2.67,8.20,11.28,13.70,32.06,6029.00,5942.00,1133.00,1770.00,NaN,73.07,11058.00,185072.00,101167.00,1743.00,708714.00,931076.00,145554.00,197259.00,13826.00,527624.00,63043.00,154966.00
2020-07-07,-0.11,-3.78,0.69,0.00,11.65,14.83,1.69,2.64,0.11,12.83,1.03,1.82,8.30,10.56,12.40,2.39,6993.00,5930.00,1182.00,1584.00,NaN,89.25,5964.00,181279.00,64292.00,876.60,1006880.00,1177470.00,196144.00,247952.00,12538.00,718725.00,94818.00,166652.00
2020-07-08,-0.05,-3.81,0.38,0.00,11.87,15.32,2.48,3.01,0.04,8.72,1.69,3.59,6.50,9.88,14.80,4.48,7120.00,6128.00,1733.00,1806.00,NaN,87.42,3234.00,281304.00,31949.00,1264.00,945866.00,1130876.00,225237.00,243170.00,5113.00,582458.00,108001.00,221026.00
2020-07-09,-0.18,-4.45,0.15,0.00,10.38,14.85,0.94,1.79,0.14,14.99,1.19,3.47,6.80,11.09,15.30,2.15,6226.00,5938.00,656.60,1075.00,NaN,72.77,8411.00,230826.00,10605.00,548.10,702008.00,914922.00,95392.00,137930.00,13090.00,811516.00,57071.00,166864.00
2020-07-10,-0.21,-5.88,0.13,0.00,10.48,15.30,1.95,2.56,0.16,14.55,0.85,2.00,10.00,12.46,14.60,1.93,6287.00,6118.00,1364.00,1537.00,NaN,78.09,9050.00,340697.00,10153.00,161.00,688069.00,934118.00,139853.00,177788.00,11306.00,772729.00,56216.00,132062.00
2020-07-11,-0.19,-4.25,0.79,0.00,10.34,15.52,1.91,3.09,0.14,8.90,0.67,2.52,7.30,9.48,13.40,-1.72,6204.00,6207.00,1339.00,1856.00,NaN,93.22,11489.00,301189.00,71689.00,-127.60,861855.00,1176549.00,180006.00,256639.00,13110.00,544897.00,53768.00,206073.00
2020-07-12,-0.12,-4.21,0.33,0.00,8.32,13.64,1.22,2.56,0.12,12.89,0.87,2.54,7.70,10.63,15.60,-1.66,4994.00,5455.00,854.40,1538.00,NaN,69.63,6134.00,229039.00,22692.00,-95.08,498093.00,787339.00,78153.00,154518.00,6944.00,708588.00,42255.00,123967.00
2020-07-13,-0.15,-0.38,2.00,0.00,11.91,14.16,1.13,2.71,0.11,5.26,1.26,3.64,4.40,9.09,14.20,-1.49,7144.00,5663.00,792.60,1628.00,NaN,62.34,6386.00,23594.00,106384.00,-88.81,786663.00,855540.00,93545.00,182726.00,7681.00,271135.00,67417.00,195916.00
2020-07-14,-0.14,-0.18,3.40,0.03,10.71,14.31,1.76,2.22,0.10,5.63,1.24,3.37,4.60,8.32,12.00,32.93,6425.00,5723.00,1232.00,1332.00,NaN,63.21,7842.00,14566.00,199107.00,1931.00,699093.00,888390.00,129251.00,152720.00,6928.00,331793.00,68529.00,183497.00
2020-07-15,-0.20,-3.37,2.59,0.03,10.53,14.88,1.56,2.38,0.09,7.99,1.73,3.89,5.20,10.98,16.40,32.84,6315.00,5950.00,1089.00,1426.00,NaN,77.68,10621.00,206552.00,164488.00,2087.00,762729.00,1001286.00,119060.00,179417.00,6471.00,517039.00,93519.00,205938.00
2020-07-16,-0.11,-3.34,1.65,0.03,11.89,16.06,3.42,2.24,0.13,4.55,1.65,3.73,5.50,10.89,17.10,33.09,7134.00,6425.00,2397.00,1345.00,NaN,95.53,6885.00,289190.00,137604.00,3890.00,1029511.00,1282346.00,308700.00,204488.00,13202.00,337432.00,122193.00,267784.00
2020-07-17,-0.14,-3.78,2.03,0.03,8.55,15.22,1.22,2.06,0.09,8.42,1.77,3.88,8.20,13.17,19.30,33.57,5128.00,6089.00,855.60,1234.00,NaN,82.44,7301.00,238424.00,155051.00,2217.00,648292.00,1073326.00,101395.00,158858.00,7753.00,541518.00,98998.00,211252.00
2020-07-18,-0.16,-5.15,0.53,0.00,3.40,6.16,0.00,1.33,0.12,28.90,0.78,1.48,11.30,13.95,16.10,-1.22,2042.00,2465.00,0.00,800.90,NaN,51.04,4976.00,196453.00,28802.00,-49.27,144959.00,260867.00,0.00,60339.00,4744.00,1123798.00,29257.00,54710.00
2020-07-19,-0.20,-5.22,1.74,0.00,4.01,5.75,0.00,0.80,0.12,26.35,1.11,2.94,9.10,11.63,14.80,-2.02,2408.00,2300.00,0.00,479.00,NaN,11.94,-1176.00,-12063.00,69412.00,-18.04,95540.00,105853.00,0.00,37436.00,-1083.00,287535.00,-31407.00,-103510.00
2020-07-20,-0.11,-0.21,5.65,0.00,9.56,13.67,1.85,1.97,0.15,6.41,1.07,2.92,6.00,10.05,13.40,-1.74,5739.00,5466.00,1297.00,1185.00,NaN,61.40,4208.00,17562.00,296849.00,-103.60,626707.00,847668.00,139182.00,148382.00,8757.00,335803.00,56918.00,155319.00
2020-07-21,-0.15,-1.00,1.79,0.00,10.45,15.13,4.34,3.04,0.10,7.07,1.36,2.72,3.90,8.58,13.30,-1.98,6267.00,6051.00,3037.00,1827.00,NaN,97.49,10778.00,100037.00,105168.00,-163.20,1118325.00,1350518.00,461435.00,302084.00,9372.00,565919.00,119666.00,229936.00
2020-07-22,-0.06,-1.64,1.35,0.00,11.18,15.74,2.84,3.57,0.03,8.24,1.45,2.40,4.70,9.07,12.00,-2.33,6706.00,6295.00,1988.00,2142.00,NaN,97.32,4375.00,148046.00,110044.00,-187.60,1153654.00,1384257.00,313146.00,340120.00,3374.00,636552.00,112198.00,184588.00
2020-07-23,-0.13,-6.31,0.06,0.00,11.61,15.12,2.35,2.94,0.12,12.72,1.85,4.16,3.40,9.50,15.00,-2.45,6963.00,6049.00,1644.00,1765.00,NaN,107.29,7746.00,520531.00,4175.00,-207.20,1140184.00,1233334.00,285056.00,275064.00,13252.00,890517.00,124345.00,277420.00
2020-07-24,-0.17,-8.95,0.15,0.00,10.87,11.84,0.97,2.04,0.14,20.44,1.52,3.99,9.00,13.38,18.30,-1.97,6522.00,4738.00,682.10,1227.00,NaN,52.81,-24.02,222177.00,10967.00,-70.72,604054.00,574535.00,79559.00,146979.00,8214.00,538776.00,27560.00,49702.00
2020-07-25,-0.16,-4.14,0.79,0.00,11.44,15.74,0.93,2.93,0.13,3.92,1.83,4.00,6.30,12.05,16.80,-1.88,6865.00,6297.00,649.20,1758.00,NaN,80.65,9260.00,269560.00,49531.00,-119.10,779931.00,1027250.00,70044.00,201232.00,9870.00,267911.00,103761.00,227763.00
2020-07-26,-0.14,-1.78,2.15,0.00,11.24,15.48,1.23,2.59,0.12,3.27,0.97,3.07,5.20,10.52,16.60,-1.81,6741.00,6193.00,857.20,1555.00,NaN,75.52,8368.00,136361.00,128109.00,-119.40,798782.00,1036503.00,103988.00,186286.00,8269.00,221978.00,61987.00,194428.00
2020-07-27,-0.20,-3.06,1.66,0.00,9.10,11.83,0.77,2.01,0.12,15.44,1.33,3.49,6.80,11.11,15.50,4.30,5459.00,4731.00,537.60,1204.00,NaN,63.43,7190.00,216326.00,76365.00,226.50,556195.00,659914.00,68332.00,139618.00,8757.00,773113.00,50219.00,138287.00
2020-07-28,-0.18,-0.19,2.72,0.00,12.04,15.10,1.99,2.66,0.15,6.43,1.29,3.16,2.30,7.15,13.00,-2.54,7221.00,6041.00,1392.00,1595.00,NaN,62.59,8125.00,11870.00,168593.00,-149.60,775807.00,929794.00,134755.00,181447.00,9529.00,330830.00,81160.00,195114.00
2020-07-29,-0.20,-1.81,2.68,0.00,10.23,15.21,0.96,2.73,0.06,8.17,1.59,3.73,3.20,9.87,16.10,-2.44,6138.00,6084.00,675.40,1640.00,NaN,70.84,12563.00,94326.00,200708.00,-164.60,733201.00,1029832.00,74139.00,201766.00,3363.00,495644.00,71843.00,153646.00
2020-07-30,-0.04,-1.05,3.01,0.00,10.75,15.57,1.68,2.45,0.02,3.98,1.73,3.87,7.60,10.58,14.20,-2.24,6450.00,6229.00,1178.00,1471.00,NaN,66.43,2368.00,71231.00,172855.00,-142.40,717455.00,980428.00,119177.00,169669.00,1457.00,263124.00,91721.00,198766.00
2020-07-31,-0.04,-4.63,0.72,0.01,10.02,14.73,0.70,2.60,0.04,9.80,1.82,4.13,5.80,12.87,18.80,9.79,6012.00,5892.00,488.20,1560.00,NaN,76.62,2050.00,263665.00,51081.00,1712.00,674840.00,953234.00,52268.00,185231.00,3773.00,614456.00,81766.00,173303.00
2020-08-01,-0.05,-4.62,1.06,0.00,7.96,6.41,0.50,1.31,0.03,16.92,1.84,4.36,10.60,15.02,19.90,-1.74,4774.00,2564.00,347.50,787.40,NaN,40.85,54.64,59452.00,64172.00,-60.66,370636.00,352236.00,33787.00,84658.00,1998.00,491428.00,8205.00,-7905.00
2020-08-02,-0.06,-1.85,2.00,0.00,9.23,12.06,0.71,1.52,0.03,5.57,1.77,4.25,7.30,12.38,19.80,-1.73,5538.00,4825.00,495.80,910.90,NaN,53.73,2777.00,68938.00,103300.00,-83.71,501169.00,619556.00,40814.00,96911.00,1521.00,259876.00,60412.00,138045.00
2020-08-03,-0.04,-0.85,3.00,0.09,8.81,14.78,0.68,2.12,0.02,7.57,1.47,3.62,6.50,10.26,15.10,93.30,5283.00,5912.00,478.10,1272.00,NaN,49.73,1686.00,39266.00,148144.00,5161.00,439926.00,708662.00,37367.00,111600.00,838.30,351785.00,59169.00,148808.00
2020-08-04,-0.04,-4.95,0.56,0.03,6.46,10.37,0.86,1.66,0.03,21.33,1.88,4.43,4.50,9.03,13.20,32.79,3879.00,4147.00,603.50,995.80,NaN,48.46,989.60,185513.00,19085.00,1575.00,293450.00,436792.00,47526.00,87130.00,1414.00,808797.00,56787.00,126623.00
2020-08-05,-0.03,-11.25,0.00,0.00,7.41,13.01,1.19,2.03,0.01,26.86,1.09,4.58,0.90,8.01,14.00,2.76,4448.00,5205.00,834.00,1218.00,NaN,49.94,470.10,334389.00,0.00,12.28,324756.00,503762.00,73294.00,112050.00,427.30,837779.00,16011.00,40069.00
2020-08-06,-0.04,-11.26,0.00,0.03,7.66,14.43,1.35,1.33,0.03,31.42,0.46,2.55,5.70,9.39,12.40,31.66,4595.00,5773.00,946.70,796.10,NaN,72.26,1222.00,537902.00,0.00,1750.00,402627.00,724341.00,76257.00,71612.00,1690.00,1522444.00,20046.00,105091.00
2020-08-07,-0.07,-7.87,1.13,0.00,7.98,14.19,1.35,1.13,0.09,29.91,0.29,1.21,7.30,8.56,10.00,-3.80,4787.00,5676.00,947.60,678.90,NaN,47.31,1055.00,197126.00,53412.00,-137.00,306750.00,563310.00,62426.00,48435.00,4604.00,1010148.00,17618.00,69366.00
2020-08-08,-0.10,0.00,8.62,0.00,5.51,12.22,1.64,1.76,0.17,10.54,0.30,1.78,8.60,10.49,13.10,-2.94,3307.00,4888.00,1150.00,1058.00,NaN,59.48,5042.00,0.00,486628.00,-167.00,343481.00,735333.00,115603.00,117198.00,10794.00,586834.00,17242.00,106090.00
2020-08-09,-0.14,-0.10,5.37,0.00,6.65,11.73,1.07,1.41,0.10,10.29,0.73,2.78,7.10,10.95,14.60,-2.77,3990.00,4692.00,746.00,844.30,NaN,48.06,6358.00,4220.00,268600.00,-126.50,334302.00,583823.00,57797.00,76392.00,4997.00,443472.00,29341.00,107031.00
2020-08-10,-0.12,-6.21,3.43,0.00,6.78,13.21,0.75,1.83,0.10,16.09,1.87,4.47,5.30,12.12,17.00,-2.33,4068.00,5283.00,524.70,1098.00,NaN,59.87,4756.00,266194.00,165390.00,-109.60,350947.00,640939.00,49594.00,107690.00,6543.00,725126.00,64167.00,145245.00
2020-08-11,-0.35,-8.41,0.18,0.00,3.49,9.05,0.71,1.33,0.27,36.84,0.62,1.09,11.20,13.08,14.70,-1.98,2093.00,3621.00,498.30,798.40,NaN,41.24,4723.00,190088.00,7254.00,-56.37,117580.00,293182.00,37236.00,63601.00,10426.00,1055697.00,25192.00,43828.00
2020-08-12,-0.11,-5.28,0.05,0.00,3.99,6.72,1.43,1.75,0.10,29.36,1.20,2.58,11.20,13.48,17.00,0.86,2391.00,2688.00,998.90,1048.00,NaN,67.20,5219.00,303516.00,2171.00,12.98,230009.00,385075.00,102733.00,126155.00,6941.00,1469449.00,60472.00,116591.00
2020-08-13,-0.10,-3.69,0.86,0.01,4.67,9.99,1.17,1.98,0.06,21.76,1.17,2.94,11.50,13.57,16.80,5.42,2802.00,3997.00,819.50,1187.00,NaN,59.38,4286.00,148085.00,66852.00,738.30,278085.00,532954.00,71825.00,135831.00,3990.00,1015823.00,47502.00,118051.00
2020-08-14,-0.21,-1.31,3.24,0.00,6.25,11.45,1.75,2.16,0.15,8.91,1.51,3.58,10.50,12.82,16.40,-1.49,3751.00,4578.00,1227.00,1299.00,NaN,74.79,11789.00,89607.00,185163.00,-106.30,437510.00,784513.00,114439.00,146577.00,13977.00,612865.00,121390.00,284823.00
2020-08-15,-0.15,-2.55,1.11,0.00,6.37,10.80,1.63,1.59,0.12,11.99,1.45,3.84,10.50,12.52,14.90,-2.11,3822.00,4319.00,1139.00,954.80,NaN,56.03,6561.00,91501.00,68861.00,-106.70,331163.00,553572.00,97060.00,97268.00,6410.00,586852.00,50705.00,138481.00
2020-08-16,-0.18,-0.02,6.05,0.00,7.36,11.43,1.74,1.66,0.14,2.38,1.54,3.83,8.10,11.03,14.80,-2.06,4413.00,4574.00,1219.00,995.00,NaN,63.24,9360.00,1528.00,369410.00,-127.50,492763.00,705061.00,120945.00,114793.00,10185.00,144209.00,87212.00,215586.00
2020-08-17,-0.23,-5.85,0.24,0.00,5.58,10.42,0.71,1.52,0.14,23.57,0.95,1.82,9.30,12.89,16.60,-2.43,3347.00,4167.00,499.70,911.90,NaN,62.18,6320.00,263646.00,11526.00,-115.30,312209.00,527882.00,53000.00,96083.00,6667.00,1067169.00,26904.00,45525.00
2020-08-18,-0.12,-6.09,0.05,0.00,3.59,8.27,0.84,0.88,0.16,30.06,1.62,3.11,9.00,11.93,15.80,-2.73,2152.00,3309.00,587.30,525.50,NaN,46.97,1587.00,229240.00,2422.00,-97.96,137690.00,310209.00,42055.00,43217.00,6855.00,1090573.00,41589.00,84387.00
2020-08-19,-0.14,-7.75,0.37,0.00,4.36,8.35,0.54,1.22,0.11,31.74,0.74,3.69,10.00,11.98,15.10,-1.10,2617.00,3341.00,379.90,729.30,NaN,59.92,2297.00,350954.00,15259.00,-44.89,190557.00,361618.00,32259.00,70209.00,5537.00,1391723.00,30955.00,138874.00
2020-08-20,-0.28,-11.10,0.00,0.00,5.16,7.63,0.67,1.49,0.10,34.75,1.10,3.57,9.70,11.71,14.50,-3.04,3095.00,3050.00,468.30,894.40,NaN,57.19,9065.00,401931.00,0.00,-112.90,215671.00,280989.00,28431.00,70327.00,5250.00,1256762.00,44770.00,150625.00
2020-08-21,-0.14,-7.71,0.00,0.00,5.69,6.44,0.86,1.29,0.19,33.73,0.84,3.75,7.90,10.34,12.60,-3.71,3413.00,2576.00,600.70,772.90,NaN,44.57,726.70,279822.00,0.00,-105.80,210312.00,207826.00,40113.00,60362.00,4683.00,1088060.00,18277.00,92470.00
2020-08-22,-0.24,-6.42,0.01,0.00,5.74,5.70,0.00,1.32,0.15,29.35,0.78,4.58,8.90,10.60,13.20,-3.02,3443.00,2281.00,0.00,792.80,NaN,10.04,-12714.00,90492.00,226.40,-25.97,113211.00,91792.00,0.00,53835.00,2499.00,364120.00,-14429.00,-277708.00
2020-08-23,-0.19,-0.74,3.07,0.00,7.91,7.54,1.19,1.35,0.10,11.43,1.51,4.86,7.70,10.34,13.10,-2.72,4748.00,3017.00,832.80,812.30,NaN,57.10,7895.00,25991.00,210780.00,-143.20,518318.00,467208.00,91887.00,113613.00,6734.00,489796.00,59134.00,181212.00
2020-08-24,-0.16,-0.01,7.11,0.01,11.42,11.91,3.93,2.59,0.19,0.98,1.49,3.64,5.20,9.29,13.10,9.17,6854.00,4763.00,2751.00,1552.00,NaN,138.43,13841.00,1010.00,818140.00,3862.00,1924813.00,1525803.00,674602.00,458359.00,49173.00,124048.00,106616.00,265633.00
2020-08-25,-0.23,-2.20,3.14,0.03,11.42,11.86,2.73,3.63,0.16,3.73,2.25,5.47,2.40,9.53,15.00,27.08,6855.00,4746.00,1914.00,2180.00,NaN,90.44,15543.00,170505.00,244467.00,1904.00,1007714.00,954223.00,260918.00,303753.00,17839.00,304188.00,153218.00,364987.00
2020-08-26,-0.15,-4.10,1.60,0.03,10.61,10.71,1.37,2.69,0.17,9.17,2.26,5.56,8.70,14.47,19.80,26.77,6367.00,4284.00,961.40,1617.00,NaN,96.46,6839.00,307840.00,108762.00,1440.00,1062815.00,883708.00,197371.00,281694.00,24274.00,624567.00,107103.00,244322.00
2020-08-27,-0.21,-6.39,1.06,0.00,6.61,8.57,0.19,2.17,0.12,18.96,2.37,5.55,11.10,13.91,17.50,-0.89,3965.00,3429.00,135.50,1300.00,NaN,46.51,1778.00,170065.00,54053.00,-90.27,285873.00,390396.00,11595.00,119667.00,5858.00,698676.00,30351.00,46282.00
2020-08-28,-0.17,-1.07,4.33,0.00,8.41,10.30,0.82,2.59,0.16,3.79,2.39,5.70,10.10,13.85,18.40,-1.97,5047.00,4121.00,572.90,1554.00,NaN,62.06,4986.00,27501.00,225324.00,-110.10,639492.00,647720.00,100828.00,215890.00,18288.00,198853.00,75608.00,157597.00
2020-08-29,-0.30,-8.77,0.51,0.00,5.58,1.17,0.00,0.26,0.20,28.49,1.04,5.90,11.40,18.56,24.10,-1.24,3347.00,469.20,0.85,154.40,NaN,-43.86,-19278.00,-307869.00,21874.00,21.83,-124161.00,41986.00,70.54,10259.00,-2868.00,-586556.00,-75037.00,-453213.00
2020-08-30,-0.19,-7.68,0.84,0.00,5.88,0.96,0.00,0.24,0.12,30.52,1.42,3.29,9.80,13.72,18.70,-1.93,3531.00,385.60,0.00,146.20,NaN,-16.74,-5768.00,-193197.00,31317.00,7.59,-22314.00,35154.00,0.00,10292.00,2002.00,-306896.00,-39096.00,-104502.00
2020-08-31,-0.12,-0.68,6.15,0.00,9.83,9.49,0.81,2.14,0.13,6.21,2.09,3.96,7.60,10.76,14.40,-2.57,5900.00,3797.00,567.40,1286.00,NaN,61.96,7917.00,43130.00,305113.00,-144.20,661596.00,578569.00,79999.00,160411.00,8167.00,351061.00,100920.00,182805.00
2020-09-01,-0.30,-8.62,0.00,0.00,3.56,7.44,0.18,1.17,0.19,29.80,1.53,5.39,8.50,14.52,19.00,-2.21,2137.00,2976.00,123.70,702.90,NaN,15.04,1900.00,103196.00,0.00,-30.35,71646.00,161930.00,7911.00,49204.00,1081.00,522332.00,-65834.00,-246649.00
2020-09-02,-0.27,-7.85,1.34,0.03,2.67,8.95,0.26,0.57,0.28,24.09,1.74,5.82,12.40,16.28,19.00,28.41,1604.00,3579.00,181.10,340.40,NaN,-14.37,-13563.00,-135559.00,64775.00,2677.00,-1818.00,-26024.00,17657.00,35354.00,5108.00,-29995.00,-84464.00,-374855.00
2020-09-03,-0.32,-5.91,1.94,0.03,2.92,8.88,0.36,0.82,0.19,23.72,1.77,4.88,9.90,12.99,17.00,27.46,1754.00,3553.00,255.50,491.90,NaN,-10.01,-14955.00,-144287.00,84034.00,1702.00,22138.00,9761.00,18762.00,39847.00,1629.00,22202.00,-93122.00,-341157.00
2020-09-04,-0.25,-3.13,5.28,0.07,3.38,8.45,1.00,1.73,0.20,14.58,1.96,4.95,8.90,13.43,17.90,72.34,2028.00,3381.00,702.00,1039.00,NaN,18.08,-1615.00,-77924.00,220981.00,4268.00,101789.00,297105.00,52460.00,87689.00,8689.00,161912.00,-28296.00,-135794.00
2020-09-05,-0.20,-0.31,5.36,0.00,5.84,8.82,1.25,2.06,0.21,3.15,2.41,5.22,8.90,13.88,17.70,-2.03,3504.00,3527.00,874.60,1237.00,NaN,51.55,6981.00,19227.00,219483.00,-103.20,384938.00,485049.00,101286.00,145750.00,14395.00,126295.00,79961.00,159327.00
2020-09-06,-0.30,-5.47,1.83,0.00,3.48,7.18,0.20,1.00,0.18,16.59,1.83,5.94,8.90,17.69,24.20,-2.06,2089.00,2873.00,139.80,601.30,NaN,7.51,-4577.00,-83755.00,89715.00,-34.62,82134.00,136890.00,9001.00,47439.00,6902.00,53232.00,-7190.00,-86093.00
2020-09-07,-0.23,-6.52,0.00,0.00,2.47,4.21,0.40,0.54,0.23,26.62,1.68,6.02,18.70,23.71,28.70,-0.97,1479.00,1682.00,278.30,326.50,NaN,-27.83,-12862.00,-150350.00,0.00,-2.63,-36015.00,-65116.00,14154.00,16561.00,-6227.00,-84386.00,-139906.00,-521134.00
2020-09-08,-0.27,-3.09,1.45,0.00,3.85,7.92,0.66,1.17,0.25,19.44,1.21,2.49,12.60,16.29,24.80,-0.56,2309.00,3166.00,461.60,702.90,NaN,40.78,7109.00,87003.00,58723.00,-23.12,145714.00,308751.00,29017.00,50077.00,10003.00,566154.00,54606.00,113537.00
2020-09-09,-0.36,-7.76,0.00,0.00,4.71,8.71,0.00,0.70,0.22,21.35,1.58,6.30,10.30,14.36,19.40,-1.14,2828.00,3484.00,0.00,417.10,NaN,4.49,-19871.00,15825.00,0.00,-8.96,64973.00,111880.00,0.00,26560.00,5935.00,307707.00,-53612.00,-300071.00
2020-09-10,-0.33,-8.40,0.00,0.00,2.81,9.50,0.04,0.65,0.30,22.46,2.02,6.13,12.80,18.05,23.20,-0.97,1683.00,3799.00,27.00,392.80,NaN,-11.32,-10607.00,-72373.00,0.00,24.46,7834.00,-18849.00,1697.00,16284.00,-5509.00,-207939.00,-19522.00,-89228.00
2020-09-11,-0.42,-8.20,0.00,0.00,2.49,9.24,0.24,0.50,0.32,24.55,1.66,4.44,19.10,22.75,29.20,-0.31,1493.00,3695.00,166.00,301.30,NaN,-33.07,-17392.00,-217578.00,0.00,12.62,-32465.00,-152809.00,10528.00,23544.00,-2810.00,-631791.00,-20835.00,-109296.00
2020-09-12,-0.21,-4.15,0.40,0.00,5.49,7.78,0.03,1.20,0.24,15.19,2.02,3.88,13.00,17.40,23.40,-0.03,3296.00,3112.00,24.43,719.30,NaN,35.52,4314.00,103250.00,16306.00,-1.01,181858.00,259037.00,1582.00,49954.00,7613.00,316028.00,67281.00,125042.00
2020-09-13,-0.29,-4.04,1.05,0.00,4.77,9.60,0.00,0.83,0.22,10.57,1.83,6.41,9.90,12.82,15.40,-0.17,2860.00,3842.00,0.00,498.60,NaN,21.13,562.00,24466.00,33006.00,-3.78,108393.00,251800.00,0.00,33502.00,5284.00,235247.00,-3098.00,-35201.00
2020-09-14,-0.25,-3.40,0.82,0.00,7.06,13.15,0.61,1.30,0.20,8.59,2.48,5.07,8.90,12.74,16.40,-0.13,4238.00,5259.00,424.10,780.90,NaN,42.92,7021.00,147170.00,22977.00,-3.61,278341.00,454723.00,36281.00,63192.00,7368.00,297845.00,73068.00,140575.00
2020-09-15,-0.22,-3.41,0.36,0.00,6.45,12.06,0.85,1.97,0.25,6.32,2.67,6.47,6.20,12.93,20.30,-0.25,3870.00,4823.00,593.40,1179.00,NaN,49.74,7859.00,136653.00,13570.00,-9.84,299370.00,515695.00,55621.00,101637.00,11367.00,250647.00,86054.00,200513.00
2020-09-16,-0.28,-3.85,1.57,0.02,7.24,6.67,0.59,1.05,0.26,14.84,2.26,4.82,10.90,18.90,26.20,16.76,4344.00,2666.00,409.80,628.50,NaN,32.60,5348.00,25839.00,81059.00,887.20,311319.00,238839.00,44038.00,69605.00,11369.00,241304.00,44871.00,72417.00
2020-09-17,-0.28,-6.41,0.00,0.00,4.86,3.11,0.35,0.79,0.24,31.10,0.65,2.51,16.10,17.22,18.60,-0.15,2918.00,1245.00,247.80,472.80,NaN,21.66,-248.10,103660.00,0.00,2.75,81994.00,103405.00,14886.00,31961.00,6404.00,502096.00,-5949.00,-38295.00
2020-09-18,-0.28,-6.15,0.40,0.00,2.43,4.51,0.46,0.75,0.24,28.20,0.98,4.35,18.70,23.31,26.80,-0.18,1456.00,1803.00,321.70,452.50,NaN,12.32,-913.70,15967.00,17338.00,-1.96,46952.00,71255.00,19556.00,32155.00,2185.00,473091.00,-40206.00,-195163.00
2020-09-19,-0.26,-3.04,2.87,0.00,2.11,4.46,0.33,0.51,0.24,19.60,1.13,3.79,16.20,19.91,24.30,-0.02,1269.00,1786.00,228.80,304.00,NaN,21.79,1416.00,13571.00,125903.00,-0.26,46482.00,97356.00,15661.00,25772.00,7680.00,302329.00,24751.00,30862.00
2020-09-20,-0.32,-5.04,2.78,0.00,2.19,4.33,0.12,0.00,0.28,19.29,1.48,6.20,14.40,18.80,27.70,-0.04,1315.00,1732.00,86.61,0.00,NaN,-84.97,-32995.00,-596640.00,100481.00,1.47,-67671.00,-170596.00,6384.00,0.00,-17714.00,-399699.00,-210302.00,-1273290.00
2020-09-21,-0.33,-4.43,0.20,0.00,2.13,4.39,0.33,0.20,0.29,25.18,1.95,5.61,10.10,14.74,19.00,-0.11,1276.00,1756.00,230.60,120.80,NaN,-22.93,-13742.00,-214802.00,7333.00,-2.61,-5453.00,-22029.00,14111.00,9082.00,1995.00,24908.00,-149851.00,-465646.00
2020-09-22,-0.28,-5.70,0.06,0.00,2.92,4.46,0.47,0.77,0.25,29.08,1.32,5.00,10.50,12.95,15.20,0.00,1751.00,1782.00,328.90,464.30,NaN,-0.89,-6827.00,-73550.00,2547.00,0.00,-822.60,27432.00,23936.00,35133.00,4088.00,205293.00,-43940.00,-207468.00
2020-09-23,-0.30,-5.40,0.18,0.04,3.41,6.08,0.62,1.20,0.21,25.40,1.60,5.48,10.40,12.51,15.00,35.16,2046.00,2430.00,436.60,718.60,NaN,3.84,-7540.00,-64226.00,9391.00,1209.00,84985.00,121419.00,28120.00,57067.00,5163.00,198062.00,-58053.00,-227811.00
2020-09-24,-0.35,-4.40,1.73,0.04,4.81,8.63,0.84,2.17,0.32,22.72,1.06,3.47,8.20,11.04,14.70,35.18,2886.00,3453.00,584.90,1303.00,NaN,51.62,13384.00,165599.00,90253.00,1435.00,229343.00,410535.00,49826.00,109038.00,12762.00,948117.00,24827.00,62464.00
2020-09-25,-0.55,-6.22,0.13,0.00,3.01,7.45,1.12,1.55,0.46,27.75,1.52,5.72,7.00,10.07,13.60,0.00,1806.00,2979.00,786.60,929.40,NaN,8.17,-15088.00,2992.00,5767.00,0.00,58690.00,160566.00,27432.00,65237.00,-6865.00,381238.00,-53281.00,-284012.00
2020-09-26,-0.27,-0.79,1.58,0.00,5.39,8.33,1.31,2.04,0.24,12.21,2.27,5.38,6.40,10.40,14.00,0.00,3237.00,3332.00,918.60,1223.00,NaN,34.26,6201.00,16093.00,66048.00,0.00,238266.00,314464.00,74544.00,100784.00,9400.00,347170.00,46048.00,72703.00
2020-09-27,-0.25,-1.76,3.79,0.00,7.53,9.28,0.78,1.86,0.19,5.80,2.55,5.72,5.00,11.89,17.50,0.03,4519.00,3713.00,542.70,1117.00,NaN,60.63,9933.00,76515.00,211808.00,1.07,517785.00,544677.00,64603.00,138002.00,13455.00,295229.00,87756.00,192043.00
2020-09-28,-0.45,-8.93,0.00,0.00,2.48,7.65,0.00,0.81,0.27,26.98,1.58,6.66,12.50,16.69,21.10,0.00,1487.00,3060.00,0.00,486.90,NaN,10.36,-13460.00,58911.00,0.00,0.00,37675.00,160275.00,0.00,47730.00,8792.00,393751.00,-43089.00,-266607.00
2020-09-29,-0.26,-3.48,3.15,0.04,3.70,6.69,0.45,1.35,0.34,23.26,0.53,2.22,13.40,16.16,19.90,36.27,2219.00,2674.00,316.40,811.30,NaN,43.00,4829.00,83557.00,157708.00,1326.00,175728.00,282500.00,29629.00,79706.00,15267.00,725561.00,15326.00,61697.00
2020-09-30,-0.33,-3.83,1.42,0.04,2.99,9.69,0.14,0.90,0.23,21.31,1.67,2.93,11.00,13.84,16.30,36.94,1796.00,3875.00,96.37,541.40,NaN,27.56,2814.00,24988.00,57661.00,788.60,97927.00,273861.00,6410.00,40947.00,7385.00,487657.00,16131.00,7165.00
2020-10-01,-0.31,-2.56,5.35,0.00,3.28,9.40,0.83,0.51,0.29,9.12,2.39,7.44,7.20,14.83,21.40,1.38,1966.00,3762.00,579.10,303.70,NaN,23.59,-4849.00,-75666.00,265486.00,-73.27,123782.00,411082.00,70095.00,24202.00,15395.00,133062.00,-3941.00,-115407.00
2020-10-02,-0.35,-5.87,0.13,0.00,1.97,4.27,0.33,0.00,0.30,25.63,2.14,7.42,17.60,25.00,31.20,4.38,1182.00,1708.00,228.70,0.00,NaN,-57.39,-30493.00,-336829.00,3307.00,184.80,-66672.00,-141715.00,10709.00,0.00,-2672.00,-650382.00,-176862.00,-672989.00
2020-10-03,-0.26,-4.44,0.70,0.00,1.93,5.93,0.16,0.00,0.19,25.66,0.97,2.57,18.70,25.14,29.40,-0.05,1158.00,2374.00,113.50,0.00,NaN,-11.00,-6139.00,-130681.00,30852.00,-1.25,-9053.00,54119.00,6721.00,0.00,4148.00,-254554.00,-11710.00,-51229.00
2020-10-04,-0.25,-2.07,2.53,0.00,1.93,6.33,0.36,0.00,0.14,18.65,1.27,3.02,9.80,17.07,23.50,-0.17,1159.00,2533.00,252.60,0.00,NaN,26.09,3875.00,26414.00,86234.00,-3.61,47369.00,155403.00,10731.00,0.00,4933.00,425796.00,21885.00,50357.00
2020-10-05,-0.27,-4.64,0.33,0.00,1.93,5.96,1.01,0.10,0.22,21.14,1.95,5.38,8.30,11.45,15.30,-0.48,1156.00,2386.00,710.20,57.50,NaN,32.67,6618.00,93670.00,14242.00,-14.09,50232.00,194618.00,48225.00,5047.00,7680.00,510953.00,47939.00,102394.00
2020-10-06,-0.33,-5.76,0.35,0.02,1.93,9.03,0.36,0.61,0.33,22.70,1.24,6.60,9.60,11.99,15.50,23.06,1158.00,3613.00,253.30,368.10,NaN,73.49,12176.00,292317.00,19179.00,1975.00,106441.00,627999.00,44754.00,82215.00,30070.00,1142899.00,62630.00,302263.00
2020-10-07,-0.42,-5.31,1.63,0.00,2.33,12.50,1.35,1.03,0.37,24.45,0.65,2.05,9.20,10.57,13.40,-2.87,1400.00,5001.00,947.10,615.80,NaN,91.60,18974.00,226189.00,201980.00,-224.30,178187.00,1124091.00,231367.00,146244.00,62542.00,1257963.00,86197.00,188244.00
2020-10-08,-0.48,-6.37,1.30,0.00,1.93,9.19,0.01,0.00,0.38,24.59,1.53,6.33,9.90,12.97,15.30,-2.84,1160.00,3676.00,5.54,0.00,NaN,-49.54,-36904.00,-388644.00,66978.00,72.45,-47270.00,-121383.00,-1560.00,0.00,-4129.00,-521314.00,-156071.00,-692451.00
2020-10-09,-0.36,-3.09,2.39,0.06,2.44,11.52,1.27,0.87,0.28,8.39,2.73,7.47,11.50,15.15,20.00,60.56,1463.00,4606.00,892.40,522.20,NaN,49.34,7132.00,2077.00,159047.00,4039.00,160939.00,752404.00,165520.00,121555.00,29164.00,269689.00,23466.00,-18556.00
2020-10-10,-0.38,-7.01,0.75,0.00,2.21,7.59,0.32,0.61,0.32,16.31,2.29,7.86,10.30,16.11,20.60,-1.88,1324.00,3038.00,224.80,366.70,NaN,-29.79,-19663.00,-293041.00,40950.00,-0.08,3051.00,129718.00,18824.00,33158.00,-2776.00,23190.00,-165641.00,-687478.00
2020-10-11,-0.22,-1.75,2.81,0.00,2.42,10.48,1.47,1.05,0.19,2.52,2.92,7.65,7.50,16.36,23.80,-2.08,1454.00,4194.00,1025.00,632.70,NaN,60.87,11248.00,55186.00,146703.00,-106.90,143920.00,695646.00,161800.00,87304.00,12318.00,138357.00,109627.00,236204.00
2020-10-12,-0.34,-4.19,2.42,0.00,2.44,12.04,0.62,0.50,0.30,12.29,2.07,5.81,15.30,21.78,28.00,2.75,1465.00,4815.00,436.20,301.10,NaN,31.86,3884.00,45716.00,108070.00,139.40,84198.00,471120.00,28573.00,26739.00,17043.00,296126.00,16759.00,-15859.00
2020-10-13,-0.20,-1.44,5.93,0.00,2.63,12.19,0.30,0.00,0.21,4.91,2.93,7.46,13.10,18.55,25.00,-1.22,1576.00,4874.00,213.00,0.00,NaN,49.12,8412.00,43602.00,316836.00,-66.06,131847.00,613003.00,17491.00,0.00,12108.00,220323.00,103403.00,248086.00
2020-10-14,-0.30,-1.28,4.46,0.00,2.60,11.83,0.09,0.42,0.25,9.28,2.90,7.00,14.10,23.65,31.80,-1.03,1560.00,4732.00,64.20,253.90,NaN,50.40,10301.00,53430.00,237572.00,-55.12,133792.00,609400.00,7109.00,28288.00,16766.00,416037.00,114493.00,250440.00
2020-10-15,-0.31,-4.61,0.23,0.00,1.84,9.63,0.22,0.00,0.29,25.23,1.36,2.32,17.30,22.42,26.70,-0.84,1107.00,3851.00,155.10,0.00,NaN,37.64,3474.00,94088.00,10696.00,-31.79,50303.00,334749.00,11983.00,0.00,10496.00,700684.00,53058.00,92788.00
2020-10-16,-0.27,-0.78,2.72,0.00,1.58,13.18,0.38,0.61,0.19,14.47,0.67,1.86,14.60,16.84,20.00,-2.31,949.50,5273.00,262.90,366.20,NaN,58.89,10677.00,50997.00,154279.00,-119.80,90332.00,755989.00,29152.00,50528.00,14370.00,744286.00,34864.00,103149.00
2020-10-17,-0.20,-3.04,1.61,0.00,0.99,13.10,0.00,0.13,0.13,11.68,1.30,5.85,12.10,14.10,17.80,-2.23,593.70,5238.00,0.00,78.92,NaN,33.11,-1027.00,5391.00,81613.00,-81.81,34389.00,469776.00,0.00,7286.00,5516.00,401144.00,12411.00,27942.00
2020-10-18,-0.13,-0.83,2.16,0.00,1.68,9.71,0.00,0.41,0.09,8.83,2.94,6.32,9.30,13.09,16.80,-2.48,1007.00,3885.00,0.00,247.40,NaN,42.10,4148.00,21003.00,95574.00,-99.98,68821.00,424263.00,0.00,22691.00,3979.00,379695.00,98788.00,193781.00
2020-10-19,-0.17,-2.03,1.11,0.00,1.40,13.95,0.41,1.06,0.15,7.27,2.94,7.96,6.20,13.06,18.60,-2.41,837.40,5578.00,289.20,636.10,NaN,58.39,6771.00,97345.00,65526.00,-126.00,77972.00,745306.00,25339.00,73293.00,9362.00,376626.00,137556.00,372318.00
2020-10-20,-0.20,-1.71,2.58,0.00,1.67,13.86,0.64,1.19,0.20,5.67,2.33,7.13,8.70,16.30,23.90,-2.09,1005.00,5545.00,450.80,711.40,NaN,71.01,9538.00,86038.00,254748.00,-119.70,123913.00,941073.00,62381.00,125163.00,22891.00,293282.00,112890.00,337765.00
2020-10-21,-0.34,-1.24,3.24,0.00,1.90,14.19,0.34,1.27,0.33,4.10,2.84,6.52,11.90,17.92,24.10,3.04,1141.00,5674.00,241.40,762.90,NaN,85.19,24593.00,57056.00,315607.00,1393.00,195078.00,1227212.00,50004.00,179007.00,64354.00,243979.00,150398.00,315641.00
2020-10-22,-0.32,-6.83,0.43,0.03,1.43,12.89,0.23,0.72,0.16,19.04,1.43,3.99,13.00,19.62,25.90,33.02,859.10,5156.00,159.20,430.00,NaN,59.61,7573.00,235030.00,24602.00,1057.00,66956.00,580595.00,15081.00,45788.00,8648.00,759860.00,60475.00,173071.00
2020-10-23,-0.24,-7.83,0.07,0.00,1.57,12.89,0.00,1.36,0.25,17.65,0.60,3.07,13.80,18.52,22.40,-0.72,939.40,5156.00,0.00,814.70,NaN,62.67,5555.00,268939.00,6561.00,-35.83,84147.00,576182.00,0.00,78294.00,12590.00,614369.00,31819.00,162772.00
2020-10-24,-0.36,-8.48,0.29,0.00,1.69,6.43,0.12,0.09,0.39,21.54,1.54,5.55,11.10,13.44,16.00,-2.50,1014.00,2573.00,84.57,56.36,NaN,-57.50,-31322.00,-396951.00,13138.00,64.04,-41525.00,-164783.00,7559.00,7073.00,139.50,-440604.00,-131466.00,-478384.00
2020-10-25,-0.26,-3.48,2.77,0.00,1.94,5.66,0.51,0.00,0.20,18.54,1.56,6.38,8.40,11.91,15.10,-2.55,1162.00,2265.00,354.20,0.00,NaN,4.89,-7827.00,-40666.00,111217.00,-23.83,18170.00,94862.00,23124.00,0.00,1914.00,244304.00,-49591.00,-230097.00
2020-10-26,-0.25,-0.60,3.12,0.00,2.42,9.25,0.46,0.71,0.24,14.23,1.88,5.73,8.10,13.32,18.60,-2.56,1454.00,3700.00,319.60,423.40,NaN,44.96,5459.00,14817.00,143589.00,-111.00,106116.00,460575.00,48315.00,49685.00,14691.00,611356.00,53676.00,163040.00
2020-10-27,-0.30,-3.25,0.25,0.00,2.75,11.72,0.00,1.40,0.14,15.14,2.07,4.97,11.30,15.30,20.50,-2.59,1647.00,4688.00,0.00,838.40,NaN,54.87,12303.00,144012.00,12950.00,-117.70,128262.00,540884.00,0.00,70008.00,7747.00,684649.00,93835.00,220109.00
2020-10-28,-0.18,-1.34,2.33,0.08,3.06,13.17,0.14,1.70,0.25,3.81,2.90,8.54,7.80,15.89,22.90,78.02,1836.00,5268.00,98.45,1018.00,NaN,68.12,9754.00,79776.00,154483.00,4181.00,211092.00,875891.00,6403.00,131866.00,23777.00,249979.00,159088.00,440464.00
2020-10-29,-0.49,-7.50,0.39,0.04,2.26,10.48,0.01,0.58,0.34,24.12,1.37,4.43,13.50,16.55,20.80,39.13,1357.00,4193.00,7.23,350.60,NaN,-5.26,-21831.00,-107470.00,43572.00,10170.00,26085.00,72741.00,356.30,47631.00,12761.00,-21174.00,-32550.00,-219778.00
2020-10-30,-0.23,-7.98,0.10,0.00,1.95,7.34,0.09,0.14,0.28,29.28,1.39,4.26,12.70,14.72,18.00,-2.12,1169.00,2937.00,64.66,83.08,NaN,24.06,-4617.00,93043.00,714.80,-34.03,34874.00,124757.00,4116.00,7096.00,9004.00,471015.00,22894.00,118131.00
2020-10-31,-0.20,-1.41,1.91,0.00,1.93,8.71,0.88,1.00,0.18,13.19,2.19,4.69,10.40,14.44,17.30,-2.08,1156.00,3483.00,615.20,601.10,NaN,52.68,9152.00,71707.00,94188.00,-98.13,92165.00,429199.00,47462.00,52610.00,9230.00,635652.00,96776.00,204167.00
2020-11-01,-0.23,-3.71,0.35,0.00,2.01,9.96,0.65,0.86,0.15,9.87,3.22,8.76,7.20,17.63,25.20,-1.88,1206.00,3983.00,454.20,513.10,NaN,47.40,6184.00,108916.00,15696.00,-74.48,85799.00,462808.00,37622.00,53128.00,7074.00,440472.00,85613.00,207841.00
2020-11-02,-0.21,-4.74,0.95,0.00,1.28,12.67,0.47,0.82,0.20,14.62,3.10,8.65,16.80,25.09,31.70,-0.55,769.10,5068.00,326.30,494.80,NaN,51.73,4196.00,123158.00,91843.00,-22.90,79765.00,597783.00,31818.00,79063.00,15364.00,574308.00,106608.00,252099.00
2020-11-03,-0.40,-6.48,2.31,0.01,2.12,10.09,0.48,1.03,0.34,23.20,1.99,7.78,19.40,27.51,35.30,8.75,1272.00,4036.00,338.20,615.90,NaN,17.97,-3364.00,-83097.00,228161.00,191.20,119545.00,165452.00,25691.00,105553.00,17150.00,246438.00,-1964.00,-56283.00
2020-11-04,-0.29,-6.37,0.43,0.00,2.09,8.83,0.40,0.82,0.28,22.16,1.62,5.35,10.90,15.39,18.70,-0.18,1251.00,3533.00,279.50,489.70,NaN,37.12,-11057.00,116450.00,18969.00,-6.96,72705.00,302695.00,14101.00,50196.00,15123.00,743215.00,-4784.00,-7130.00
2020-11-05,-0.26,-4.70,0.36,0.00,3.10,8.97,0.34,1.26,0.22,16.43,3.10,6.48,8.10,12.94,17.20,4.81,1859.00,3589.00,237.50,756.20,NaN,61.35,8524.00,197588.00,22360.00,203.70,203328.00,461756.00,23466.00,99193.00,17973.00,778078.00,117760.00,235220.00
2020-11-06,-0.22,-4.34,1.41,0.01,3.54,9.27,0.50,1.73,0.15,11.70,3.04,7.63,9.30,13.43,17.60,10.75,2125.00,3707.00,348.50,1037.00,NaN,68.39,11512.00,207832.00,83525.00,394.50,223682.00,531431.00,31019.00,116777.00,10257.00,662351.00,141282.00,332696.00
2020-11-07,-0.23,-7.43,0.00,0.00,1.94,7.50,0.43,0.52,0.21,18.52,2.49,8.04,10.90,15.89,22.20,-0.22,1161.00,3002.00,300.80,314.90,NaN,17.26,-4829.00,44173.00,0.00,-5.85,31405.00,123814.00,17522.00,24184.00,5241.00,427267.00,-16463.00,-100132.00
2020-11-08,-0.20,-6.54,0.02,0.01,1.98,6.10,0.64,0.48,0.14,17.77,2.66,9.01,13.20,20.77,27.40,8.06,1187.00,2439.00,451.00,290.90,NaN,8.91,-4988.00,-57536.00,1014.00,337.50,28430.00,136060.00,30929.00,29046.00,4532.00,258082.00,-17400.00,-122937.00
2020-11-09,-0.24,-3.50,1.68,0.07,3.12,7.92,0.99,1.37,0.20,17.31,2.70,7.29,18.70,26.16,32.80,68.95,1871.00,3169.00,691.40,821.70,NaN,55.53,7768.00,119529.00,96301.00,6901.00,177980.00,384396.00,74853.00,89359.00,12733.00,694569.00,135271.00,360738.00
2020-11-10,-0.30,-7.12,0.10,0.01,3.47,7.96,1.10,0.88,0.29,31.69,1.85,5.55,17.80,29.71,36.80,10.69,2084.00,3184.00,770.80,530.00,NaN,53.71,10025.00,266427.00,4927.00,542.00,151316.00,316410.00,62154.00,50309.00,13455.00,1239747.00,88760.00,239290.00
2020-11-11,-0.29,-4.66,1.36,0.00,2.13,5.49,0.90,0.67,0.27,21.40,1.06,8.47,15.00,19.48,24.80,-0.25,1279.00,2197.00,627.30,404.80,NaN,3.08,-13225.00,-23276.00,52999.00,3.39,28735.00,100250.00,-3375.00,37442.00,7868.00,282219.00,-7206.00,-349182.00
2020-11-12,-0.33,-4.80,0.23,0.01,1.92,5.37,0.14,0.11,0.32,27.16,1.59,3.84,13.70,15.65,18.40,7.41,1150.00,2149.00,94.53,66.33,NaN,23.97,-624.90,70341.00,10012.00,249.50,37091.00,130119.00,116.70,4759.00,9397.00,518230.00,22922.00,49639.00
2020-11-13,-0.29,-4.31,1.52,0.00,2.37,7.23,0.56,0.91,0.25,16.12,2.66,6.64,12.80,15.27,18.70,-0.12,1422.00,2892.00,392.20,544.80,NaN,39.06,714.00,51807.00,90122.00,-4.86,98486.00,302210.00,34456.00,57996.00,13327.00,501733.00,50860.00,112806.00
2020-11-14,-0.27,-4.60,2.05,0.00,3.03,8.03,0.85,1.41,0.12,9.95,3.29,8.88,11.90,21.19,29.60,-0.08,1820.00,3211.00,593.00,847.10,NaN,52.62,7759.00,142646.00,121227.00,-4.25,154798.00,388576.00,53246.00,89722.00,6767.00,315444.00,124027.00,318253.00
2020-11-15,-0.26,-7.29,0.03,0.00,2.06,5.32,0.41,0.46,0.28,29.06,0.95,6.60,17.10,27.08,37.80,-0.01,1238.00,2129.00,285.30,275.30,NaN,24.39,-3479.00,114280.00,1254.00,-0.10,36626.00,122069.00,19544.00,20322.00,7613.00,520106.00,10576.00,68950.00
2020-11-16,-0.33,-5.42,0.71,0.00,1.93,5.65,0.24,0.30,0.29,22.24,1.50,8.66,13.80,17.00,20.70,-0.01,1158.00,2261.00,164.80,179.90,NaN,-16.77,-21631.00,-139537.00,30027.00,-0.46,-5878.00,54802.00,-2890.00,16423.00,2821.00,-10919.00,-55413.00,-467647.00
2020-11-17,-0.17,-0.92,3.84,0.02,2.74,9.77,0.40,1.32,0.15,4.95,3.33,9.16,9.80,17.81,24.70,24.59,1644.00,3909.00,281.60,792.70,NaN,53.87,7609.00,42643.00,198212.00,1081.00,154335.00,531713.00,21237.00,78921.00,9377.00,244295.00,157535.00,416671.00
2020-11-18,-0.23,-4.12,1.73,0.18,3.94,12.44,0.28,2.00,0.22,11.22,3.00,8.38,14.80,25.44,32.90,182.90,2363.00,4978.00,194.10,1199.00,NaN,77.30,11363.00,190108.00,156802.00,18522.00,316210.00,859802.00,32654.00,175364.00,21900.00,604493.00,178068.00,452605.00
2020-11-19,-0.29,-8.19,0.01,0.08,2.64,10.37,0.05,0.88,0.27,23.72,1.88,8.48,16.20,24.84,34.70,77.40,1584.00,4150.00,37.08,527.70,NaN,42.53,3009.00,228021.00,354.50,758.70,102700.00,399527.00,1819.00,51194.00,9927.00,756358.00,46502.00,96520.00
2020-11-20,-0.27,-3.76,0.26,0.05,2.86,11.50,0.07,0.52,0.22,12.24,2.85,8.26,12.50,20.75,29.00,47.29,1717.00,4602.00,51.78,312.70,NaN,48.71,7224.00,131732.00,11280.00,1664.00,123587.00,490619.00,2874.00,25667.00,10157.00,517632.00,97410.00,275711.00
2020-11-21,-0.23,-3.68,1.01,0.00,3.76,11.29,0.15,1.36,0.19,17.73,2.31,5.04,19.10,27.90,37.60,2.69,2256.00,4517.00,106.10,816.70,NaN,59.44,9798.00,163153.00,72311.00,220.00,202006.00,577350.00,9977.00,84388.00,10531.00,807378.00,117140.00,260214.00
2020-11-22,-0.37,-5.83,0.35,0.00,3.47,12.03,0.30,1.50,0.24,21.08,1.79,3.24,18.20,25.84,30.40,0.00,2082.00,4813.00,212.00,898.60,NaN,58.63,14789.00,207779.00,26068.00,0.00,214553.00,597155.00,17421.00,115408.00,16293.00,820874.00,64664.00,121931.00
2020-11-23,-0.25,-4.85,0.86,0.04,2.22,6.78,0.33,0.28,0.28,21.42,2.00,7.57,14.60,17.96,22.20,44.51,1331.00,2713.00,230.50,169.70,NaN,29.00,-2959.00,16624.00,46371.00,1005.00,73880.00,270281.00,21313.00,18348.00,11281.00,706020.00,7835.00,-106135.00
2020-11-24,-0.26,-1.72,4.13,0.07,2.93,10.11,0.72,0.54,0.25,6.94,3.29,9.17,11.60,17.90,22.80,73.39,1756.00,4045.00,505.50,321.20,NaN,50.05,7776.00,27707.00,272111.00,1388.00,164867.00,533255.00,43991.00,38990.00,13695.00,377307.00,98898.00,230228.00
2020-11-25,-0.22,-0.51,5.65,0.02,3.44,8.12,0.40,1.12,0.20,10.89,3.32,9.04,14.00,24.43,33.60,23.66,2062.00,3247.00,282.80,673.40,NaN,59.67,9359.00,18474.00,406037.00,828.30,228619.00,510859.00,32432.00,83307.00,14218.00,601751.00,161541.00,407661.00
2020-11-26,-0.23,0.00,4.27,0.05,4.04,9.85,0.46,1.02,0.18,12.21,3.20,8.44,15.50,24.67,32.20,51.23,2426.00,3941.00,320.10,609.70,NaN,59.82,12735.00,0.00,262597.00,2663.00,262810.00,597837.00,33135.00,69253.00,12750.00,736978.00,170268.00,440171.00
2020-11-27,-0.36,-2.32,4.87,0.16,6.58,10.98,1.95,0.98,0.33,18.10,3.14,8.66,19.60,30.26,39.00,163.80,3946.00,4393.00,1368.00,590.10,NaN,80.43,16196.00,71351.00,555416.00,35772.00,685899.00,877137.00,309976.00,135443.00,46818.00,853753.00,209656.00,471853.00
2020-11-28,-0.46,-4.46,3.22,0.00,3.84,11.97,0.58,0.05,0.27,20.34,2.34,5.48,16.50,25.41,32.80,0.00,2305.00,4786.00,408.30,30.62,NaN,38.05,7620.00,36196.00,157292.00,0.00,138390.00,443073.00,16716.00,2882.00,16451.00,501673.00,93474.00,229173.00
2020-11-29,-0.28,-4.44,0.40,0.00,3.42,5.72,0.00,0.00,0.26,16.98,2.54,8.41,13.90,17.35,22.40,-0.07,2051.00,2288.00,0.00,0.91,NaN,7.16,-4069.00,15483.00,21937.00,-3.07,47758.00,102955.00,0.00,-24.39,4111.00,241497.00,-29542.00,-163743.00
2020-11-30,-0.24,-3.35,3.94,0.00,4.31,6.88,0.93,0.00,0.28,15.80,3.02,8.71,12.40,23.50,31.30,-0.18,2584.00,2753.00,653.80,0.00,NaN,23.96,-9027.00,-987.30,271787.00,-6.57,171411.00,273221.00,68609.00,0.00,12069.00,352184.00,-11604.00,-162602.00
2020-12-01,-0.34,-4.51,0.44,0.00,2.23,4.16,0.04,0.00,0.33,25.21,1.89,7.74,14.80,18.71,24.70,-0.07,1341.00,1664.00,27.96,0.00,NaN,-42.87,-24055.00,-245375.00,18203.00,7.26,-31978.00,-96111.00,1764.00,0.00,-1088.00,-57750.00,-190864.00,-967120.00
2020-12-02,-0.29,-0.95,3.42,0.00,2.52,5.75,0.15,0.00,0.21,11.39,3.21,9.01,12.10,16.44,21.00,-0.21,1514.00,2298.00,107.70,0.14,NaN,43.87,9574.00,34333.00,151851.00,-10.09,109027.00,251798.00,8112.00,8.43,9710.00,475110.00,122229.00,338930.00
2020-12-03,-0.27,-0.25,3.63,0.03,3.69,8.34,0.40,0.00,0.25,8.56,2.73,9.42,9.90,19.40,28.10,34.81,2215.00,3335.00,277.40,0.02,NaN,60.67,13108.00,9409.00,247336.00,3480.00,246497.00,501109.00,28225.00,2.19,20482.00,462710.00,162796.00,521792.00
2020-12-04,-0.33,0.00,6.38,0.00,3.96,8.25,1.30,0.43,0.31,8.53,2.69,9.15,11.80,24.37,33.60,4.17,2376.00,3301.00,910.20,258.40,NaN,57.54,15518.00,0.00,352064.00,384.00,237170.00,470874.00,87888.00,29017.00,19675.00,471207.00,145961.00,510235.00
2020-12-05,-0.32,-5.01,0.54,0.00,1.96,4.23,0.00,0.01,0.19,28.23,1.09,4.49,14.50,21.33,29.00,-0.08,1175.00,1692.00,0.00,4.39,NaN,-22.13,-21665.00,-166723.00,11162.00,2.87,-18679.00,-42122.00,0.00,210.30,-1314.00,-193246.00,-57457.00,-293427.00
2020-12-06,-0.33,-8.55,0.00,0.00,1.93,4.19,0.00,0.00,0.26,26.84,1.57,6.92,13.50,16.64,20.20,-0.27,1158.00,1676.00,0.00,0.00,NaN,-87.19,-24688.00,-533750.00,0.00,13.70,-101062.00,-219800.00,0.00,0.00,-9401.00,-1272056.00,-127778.00,-573227.00
2020-12-07,-0.39,-6.54,0.54,0.00,2.10,5.02,0.00,0.00,0.40,26.84,0.72,6.93,12.50,14.82,17.50,-0.30,1259.00,2009.00,0.00,0.00,NaN,-51.34,-26900.00,-252133.00,18213.00,9.71,-65004.00,-138790.00,0.00,0.00,-5313.00,-841778.00,-34206.00,-482949.00
2020-12-08,-0.21,-1.11,4.73,0.00,2.94,7.49,0.39,1.02,0.17,6.83,3.35,8.04,12.40,15.50,18.90,-0.21,1767.00,2996.00,273.80,612.00,NaN,35.72,1483.00,17765.00,177386.00,-6.85,111648.00,304570.00,22533.00,53781.00,8408.00,256216.00,83715.00,163625.00
2020-12-09,-0.22,-1.17,2.35,0.07,4.03,7.30,0.18,0.49,0.22,9.04,3.36,9.70,9.70,18.57,27.30,66.76,2418.00,2919.00,123.60,295.50,NaN,41.68,7379.00,25061.00,114462.00,3491.00,173900.00,325497.00,8830.00,26301.00,10572.00,406226.00,103274.00,268154.00
2020-12-10,-0.38,-2.86,0.52,0.00,1.97,4.24,0.00,0.11,0.33,21.49,1.84,9.77,12.90,18.74,24.70,-0.37,1183.00,1696.00,0.00,64.13,NaN,-4.09,-6619.00,-56268.00,19208.00,-2.68,7274.00,14950.00,0.00,3820.00,6758.00,263160.00,-54740.00,-348844.00
2020-12-11,-0.42,-5.00,0.14,0.00,2.05,4.19,0.16,0.00,0.37,25.43,1.01,9.17,12.30,21.13,29.50,-0.37,1229.00,1675.00,110.10,0.00,NaN,-32.40,-20203.00,-135061.00,7357.00,8.74,-34776.00,-79906.00,-22587.00,0.00,2489.00,-141374.00,-76978.00,-700565.00
2020-12-12,-0.33,-3.29,3.38,0.00,1.94,5.67,0.35,0.11,0.28,25.23,1.24,7.34,21.20,29.11,35.20,-0.03,1162.00,2269.00,247.40,65.79,NaN,-3.16,-11288.00,-109710.00,184586.00,0.71,891.80,87018.00,18383.00,7210.00,4730.00,30196.00,-51168.00,-293092.00
2020-12-13,-0.25,-1.90,2.92,0.01,2.29,5.88,0.49,0.56,0.22,25.16,0.61,3.83,25.60,27.75,30.90,10.02,1371.00,2352.00,342.10,334.10,NaN,27.62,2963.00,11230.00,175818.00,1509.00,72184.00,209108.00,33327.00,49799.00,9709.00,479969.00,10008.00,44291.00
2020-12-14,-0.49,-1.11,4.34,0.02,8.44,11.18,1.07,1.38,0.39,18.79,1.14,5.46,22.90,29.92,36.10,18.69,5066.00,4470.00,746.20,826.30,NaN,61.44,16591.00,12848.00,348937.00,1622.00,715181.00,724814.00,113286.00,137397.00,35029.00,643860.00,65306.00,293882.00
2020-12-15,-0.38,-1.11,3.63,0.00,6.75,11.50,0.03,1.08,0.40,13.12,2.03,8.88,17.90,23.91,29.80,4.20,4049.00,4601.00,18.03,645.60,NaN,60.17,20934.00,58678.00,216611.00,349.70,402246.00,716121.00,1942.00,78137.00,23900.00,674821.00,110683.00,457734.00
2020-12-16,-0.44,-0.82,4.31,0.00,4.31,8.35,0.00,0.37,0.37,13.10,2.81,8.12,16.70,21.06,26.60,0.00,2586.00,3339.00,0.00,220.00,NaN,28.79,9096.00,7049.00,170156.00,0.00,128254.00,267741.00,0.00,11154.00,12089.00,432942.00,36369.00,90551.00
2020-12-17,-0.44,-4.21,3.42,0.01,2.36,7.52,0.00,0.22,0.38,18.33,2.47,6.97,13.90,17.16,20.30,5.59,1416.00,3008.00,0.00,134.20,NaN,12.25,-2657.00,-67700.00,168432.00,223.60,51194.00,199081.00,0.00,9038.00,5359.00,172950.00,-16021.00,-66233.00
2020-12-18,-0.50,-1.03,2.18,0.00,2.16,7.16,0.00,0.00,0.45,12.12,2.66,9.46,11.90,16.32,20.20,-0.13,1297.00,2862.00,0.00,0.00,NaN,-23.79,-31079.00,-12222.00,-22283.00,-1.92,-25847.00,33273.00,0.00,0.00,-2900.00,136734.00,-128317.00,-771940.00
2020-12-19,-0.48,-2.04,1.22,0.00,2.11,6.91,0.00,0.00,0.41,12.23,2.69,9.67,11.20,17.48,24.10,-0.21,1266.00,2762.00,0.00,0.00,NaN,40.73,15733.00,55283.00,54362.00,-8.59,79090.00,271788.00,0.00,0.00,15803.00,499643.00,73035.00,267664.00
2020-12-20,-0.55,-2.28,2.77,0.00,2.54,6.09,0.00,0.01,0.45,11.07,2.58,9.39,11.70,21.10,29.20,-0.22,1523.00,2437.00,0.00,8.60,NaN,33.77,12716.00,42531.00,140102.00,-4.78,89851.00,220195.00,0.00,768.90,16032.00,316989.00,49927.00,194398.00
2020-12-21,-0.55,-2.47,5.72,0.01,2.78,6.91,0.13,0.32,0.52,14.85,1.85,6.11,14.30,17.76,20.90,6.38,1668.00,2765.00,91.67,194.90,NaN,51.68,19260.00,43728.00,346899.00,206.90,145493.00,372791.00,8034.00,16448.00,27998.00,623476.00,59080.00,206703.00
2020-12-22,-0.52,-2.44,3.58,0.00,2.07,5.20,0.00,0.00,0.44,15.71,2.32,8.61,11.80,16.52,21.20,-0.18,1244.00,2080.00,0.00,0.00,NaN,-11.20,-14388.00,-131028.00,126620.00,-4.67,7540.00,43774.00,0.00,0.00,4251.00,56699.00,-82912.00,-402206.00
2020-12-23,-0.49,-1.03,3.03,0.01,2.35,7.21,0.00,0.00,0.40,10.28,3.39,9.13,12.20,17.02,22.00,12.92,1410.00,2885.00,0.00,0.00,NaN,36.38,16084.00,27091.00,124498.00,655.30,84002.00,265022.00,0.00,0.00,14603.00,404795.00,89818.00,220598.00
2020-12-24,-0.45,-1.83,1.72,0.00,2.21,6.83,0.00,0.00,0.39,12.86,3.32,9.15,11.00,17.90,25.50,-0.19,1326.00,2733.00,0.00,0.00,NaN,23.10,9927.00,11563.00,62489.00,-5.98,54414.00,186506.00,0.00,0.00,9861.00,365265.00,31557.00,58475.00
2020-12-25,-0.46,-3.20,1.67,0.00,2.21,6.61,0.00,0.00,0.34,12.92,2.83,9.73,14.20,21.21,29.30,-0.23,1326.00,2642.00,0.00,0.00,NaN,7.88,450.60,-29000.00,71635.00,-2.13,30719.00,106911.00,0.00,0.00,6749.00,215530.00,-21590.00,-124112.00
2020-12-26,-0.42,-0.54,8.87,0.00,2.77,7.38,0.69,0.86,0.33,5.28,3.32,9.28,13.90,25.51,34.80,-0.03,1659.00,2952.00,480.40,517.30,NaN,37.82,12108.00,2040.00,430104.00,-1.20,119178.00,321125.00,40167.00,51253.00,14115.00,192785.00,73951.00,173582.00
2020-12-27,-0.44,-5.46,0.68,0.00,1.97,4.54,0.04,0.07,0.34,27.84,0.39,5.04,12.60,21.74,29.20,0.00,1181.00,1814.00,27.80,40.27,NaN,-7.63,-6034.00,-50343.00,25549.00,-0.64,-6267.00,-1284.00,1671.00,2841.00,1792.00,-140439.00,-10611.00,-83885.00
2020-12-28,-0.48,-5.69,0.09,0.00,2.45,5.43,0.00,0.00,0.45,20.40,1.30,8.61,9.20,15.08,20.20,-0.06,1469.00,2171.00,0.00,0.00,NaN,-22.77,-15558.00,-120045.00,3949.00,0.08,-29476.00,-22038.00,0.00,0.00,-834.90,-107933.00,-60487.00,-388719.00
2020-12-29,-0.48,-2.03,2.38,0.00,2.41,6.40,0.00,0.00,0.36,12.40,2.38,9.74,10.10,17.04,21.90,-0.17,1447.00,2559.00,0.00,0.00,NaN,21.19,8063.00,-12264.00,97654.00,-5.00,56254.00,189807.00,0.00,0.00,10585.00,373706.00,9244.00,-21768.00
2020-12-30,-0.48,-0.61,2.76,0.00,2.38,4.43,0.00,0.00,0.37,14.63,2.95,8.71,13.00,19.83,29.20,-0.12,1429.00,1772.00,0.00,0.00,NaN,30.84,14034.00,11085.00,103613.00,-4.60,72125.00,137474.00,0.00,0.00,11432.00,505317.00,60761.00,168136.00
2020-12-31,-0.47,-3.77,0.15,0.00,2.38,4.18,0.00,0.00,0.42,21.93,1.86,9.54,15.00,23.80,30.00,-0.14,1430.00,1673.00,0.00,0.00,NaN,-14.46,-15819.00,-93285.00,5324.00,3.53,-12913.00,-21215.00,0.00,0.00,-586.30,94753.00,-63134.00,-416552.00
2021-01-01,-0.47,-2.16,0.39,0.00,2.55,5.34,0.00,0.00,0.37,17.62,3.20,8.68,17.80,21.12,24.80,-0.03,1531.00,2136.00,0.00,0.00,NaN,21.67,7085.00,32843.00,11267.00,-0.76,49103.00,114215.00,0.00,0.00,7622.00,384667.00,46181.00,116840.00
2021-01-02,-0.45,-3.65,3.22,0.00,2.43,6.47,0.00,0.00,0.40,14.57,2.75,9.11,17.40,20.09,25.80,-0.03,1459.00,2588.00,0.00,0.00,NaN,0.42,-8722.00,-87722.00,103463.00,-1.09,23603.00,107361.00,0.00,0.00,7177.00,58004.00,-11939.00,-176634.00
2021-01-03,-0.43,-2.15,4.42,0.00,2.40,5.32,0.00,0.00,0.36,13.58,1.95,7.70,15.60,18.48,21.00,-0.03,1443.00,2126.00,0.00,0.00,NaN,19.72,6160.00,-15726.00,155367.00,-1.26,52006.00,129171.00,0.00,0.00,8965.00,301217.00,10370.00,5820.00
2021-01-04,-0.45,-3.73,1.05,0.00,2.40,4.15,0.00,0.00,0.38,23.16,2.50,6.57,14.10,17.22,21.60,-0.20,1437.00,1660.00,0.00,0.00,NaN,-9.50,-3559.00,-58962.00,24231.00,1.07,-10554.00,-18410.00,0.00,0.00,-410.90,-49012.00,-60440.00,-165032.00
2021-01-05,-0.54,-4.60,0.54,0.00,2.40,4.15,0.00,0.00,0.49,21.66,2.46,9.14,15.10,17.99,22.90,-0.18,1437.00,1660.00,0.00,0.00,NaN,-19.19,-13761.00,-136656.00,18412.00,0.45,-20934.00,-36700.00,0.00,0.00,2198.00,-36357.00,-77300.00,-384131.00
2021-01-06,-0.52,-3.12,0.30,0.00,2.39,4.15,0.00,0.00,0.37,21.03,2.69,8.59,14.20,20.03,26.40,-0.08,1435.00,1659.00,0.00,0.00,NaN,-38.87,-22017.00,-191342.00,8868.00,-1.06,-52840.00,-91786.00,0.00,0.00,-6844.00,-126374.00,-169707.00,-742337.00
2021-01-07,-0.40,-4.34,0.57,0.00,2.40,4.15,0.00,0.00,0.38,21.98,2.69,9.59,18.40,25.51,33.20,-0.04,1437.00,1661.00,0.00,0.00,NaN,-4.04,-7702.00,-41464.00,21830.00,-0.91,-2958.00,-5260.00,0.00,0.00,4297.00,100893.00,-37301.00,-181833.00
2021-01-08,-0.43,-0.26,2.90,0.00,2.43,4.12,0.13,0.22,0.33,19.93,3.35,9.40,19.90,28.25,34.40,-0.04,1460.00,1648.00,88.18,134.80,NaN,28.27,8803.00,3043.00,116229.00,-1.35,64804.00,107248.00,6429.00,9297.00,11823.00,510948.00,95936.00,256428.00
2021-01-09,-0.28,0.00,6.99,0.00,3.95,5.72,0.84,1.08,0.27,12.41,3.31,9.27,23.40,31.26,36.80,0.00,2370.00,2290.00,589.50,647.30,NaN,42.39,11276.00,0.00,277145.00,0.00,182323.00,254447.00,46390.00,59594.00,11553.00,527551.00,128616.00,347936.00
2021-01-10,-0.40,0.00,11.76,0.14,5.39,8.15,1.34,1.41,0.32,7.45,3.30,8.95,17.40,28.17,37.30,145.00,3233.00,3260.00,936.60,846.80,NaN,74.04,17391.00,0.00,903787.00,40564.00,567305.00,637541.00,167998.00,185000.00,45775.00,378463.00,181436.00,415871.00
2021-01-11,-0.45,-2.87,2.33,0.02,4.90,7.96,0.70,0.74,0.35,28.03,2.05,5.72,15.70,21.70,30.30,23.08,2939.00,3183.00,491.70,444.50,NaN,40.76,14245.00,93220.00,101574.00,1201.00,185360.00,306142.00,29774.00,30430.00,11798.00,955708.00,77329.00,210172.00
2021-01-12,-0.39,-0.92,3.15,0.03,4.53,5.88,0.38,1.18,0.37,12.76,3.36,9.55,15.00,20.14,27.30,29.92,2717.00,2350.00,262.90,706.00,NaN,34.05,9843.00,13905.00,123312.00,1336.00,168440.00,211636.00,17322.00,52763.00,13788.00,419364.00,86791.00,239132.00
2021-01-13,-0.48,-2.18,6.45,0.06,2.53,7.28,0.02,0.12,0.43,15.93,1.73,6.83,12.30,17.32,22.00,59.51,1517.00,2910.00,10.65,69.38,NaN,23.59,1573.00,-96404.00,367191.00,3966.00,97896.00,211550.00,2036.00,11837.00,18190.00,330848.00,31797.00,-67752.00
2021-01-14,-0.49,-2.10,6.25,0.00,2.09,4.41,0.38,0.49,0.39,13.14,2.85,9.22,14.40,16.87,20.10,-0.29,1257.00,1763.00,267.70,294.00,NaN,18.91,2599.00,-42976.00,286896.00,-15.10,53211.00,111458.00,20275.00,27558.00,11612.00,333881.00,-5153.00,-106871.00
2021-01-15,-0.53,-2.95,1.20,0.00,1.94,4.15,0.00,0.00,0.44,21.86,2.31,8.03,14.50,17.42,22.10,-0.20,1166.00,1659.00,0.00,2.50,NaN,-64.11,-29913.00,-281859.00,26219.00,-0.19,-79487.00,-170214.00,0.00,159.90,-21511.00,-608256.00,-231057.00,-941454.00
2021-01-16,-0.41,-2.26,3.97,0.00,1.94,4.14,0.00,0.14,0.32,13.88,2.41,8.74,13.90,18.03,22.40,-0.07,1166.00,1657.00,0.00,83.58,NaN,-10.69,-7378.00,-79100.00,63963.00,-0.33,-7187.00,-15311.00,0.00,4260.00,3617.00,79396.00,-77519.00,-316218.00
2021-01-17,-0.38,-1.31,2.93,0.00,2.14,5.26,0.00,0.48,0.34,12.62,2.65,7.45,13.10,17.87,24.00,-0.28,1286.00,2106.00,0.00,290.60,NaN,16.22,1621.00,-21465.00,94416.00,-7.57,44693.00,124707.00,0.00,15881.00,9116.00,317497.00,-4206.00,-59897.00
2021-01-18,-0.34,-1.62,3.79,0.00,2.41,5.70,0.00,0.00,0.28,13.72,3.04,8.93,13.30,20.04,28.10,-0.32,1446.00,2279.00,0.00,0.00,NaN,12.11,1508.00,-40333.00,143936.00,-12.48,48577.00,131679.00,0.00,0.00,7612.00,276526.00,-28164.00,-106619.00
2021-01-19,-0.32,-3.20,1.24,0.00,1.40,8.36,0.00,0.00,0.22,17.84,2.72,8.82,15.90,24.42,31.00,-0.23,839.70,3344.00,0.00,0.00,NaN,0.32,-3231.00,-58445.00,47805.00,-1.85,9901.00,55899.00,0.00,0.00,3560.00,322805.00,-68542.00,-297947.00
2021-01-20,-0.23,0.00,8.22,0.02,2.69,5.73,0.05,0.32,0.23,11.20,3.21,9.20,15.40,25.47,33.50,24.25,1611.00,2292.00,32.02,192.10,NaN,41.21,8617.00,0.00,379417.00,980.60,115066.00,245861.00,2745.00,18329.00,11264.00,443251.00,119026.00,330048.00
2021-01-21,-0.26,0.00,7.61,0.00,3.15,5.66,0.07,0.85,0.16,14.85,3.23,9.16,15.50,24.08,31.30,2.15,1887.00,2263.00,50.99,511.40,NaN,43.92,10455.00,0.00,345425.00,145.10,144983.00,260941.00,4568.00,46812.00,8907.00,651137.00,128976.00,351361.00
2021-01-22,-0.27,0.00,10.28,0.10,3.86,5.83,1.32,1.61,0.27,7.93,3.31,9.25,16.80,29.69,38.70,95.87,2318.00,2333.00,925.50,963.70,NaN,118.25,32067.00,0.00,1417026.00,179278.00,807917.00,444461.00,231931.00,464822.00,177116.00,877737.00,139928.00,371032.00
2021-01-23,-0.26,-0.49,8.22,0.04,5.42,6.16,0.50,1.14,0.21,14.34,3.13,8.77,28.20,34.81,42.20,41.13,3255.00,2462.00,347.70,684.10,NaN,56.37,17101.00,6029.00,565214.00,6301.00,397658.00,375385.00,54848.00,102314.00,14394.00,568455.00,149007.00,402642.00
2021-01-24,-0.46,-0.20,5.84,0.66,9.25,6.61,3.07,1.37,0.27,19.79,2.02,6.85,19.50,25.07,33.90,663.80,5552.00,2643.00,2147.00,822.50,NaN,179.71,28888.00,5230.00,598573.00,428612.00,2636656.00,1296980.00,1386464.00,541910.00,138514.00,1776991.00,182317.00,875526.00
2021-01-25,-0.26,-0.06,6.19,0.18,9.04,8.11,1.61,0.49,0.31,17.00,0.96,2.00,16.20,19.80,23.70,181.50,5422.00,3244.00,1130.00,294.60,NaN,51.27,6544.00,1454.00,409282.00,33354.00,524170.00,445879.00,143814.00,49123.00,25537.00,607090.00,33150.00,57984.00
2021-01-26,-0.35,-0.82,5.42,0.00,3.59,5.56,0.00,0.20,0.29,12.40,2.08,6.00,15.40,20.95,26.80,-0.05,2154.00,2223.00,0.00,118.00,NaN,18.26,1396.00,-20352.00,229798.00,-1.15,113854.00,163199.00,0.00,8374.00,7570.00,252221.00,-33269.00,-95418.00
2021-01-27,-0.27,-1.81,4.25,0.03,2.08,4.12,0.00,0.01,0.17,18.75,2.11,8.20,18.40,24.09,29.80,26.54,1248.00,1650.00,0.00,8.09,NaN,-10.93,-6451.00,-86892.00,111220.00,-882.90,-5237.00,-23907.00,0.00,582.00,2663.00,-76390.00,-74677.00,-251600.00
2021-01-28,-0.28,0.00,11.56,0.05,3.35,5.65,0.50,0.51,0.19,9.85,2.36,6.84,17.10,21.33,25.00,47.09,2010.00,2262.00,350.30,306.60,NaN,43.01,9001.00,0.00,504685.00,3312.00,156201.00,229512.00,18927.00,38697.00,13411.00,356571.00,108661.00,306623.00
2021-01-29,-0.23,-1.58,9.34,0.00,3.27,6.55,0.03,0.11,0.21,10.26,2.91,8.75,15.70,19.32,24.30,2.16,1961.00,2621.00,22.46,67.40,NaN,48.90,7930.00,44993.00,526167.00,75.81,165236.00,336041.00,1837.00,6678.00,11269.00,427967.00,100875.00,309459.00
2021-01-30,-0.25,-0.64,6.47,0.00,2.25,4.32,0.00,0.17,0.22,12.20,2.06,7.65,13.50,20.61,27.00,-0.04,1347.00,1727.00,0.00,99.00,NaN,11.23,-3291.00,-6040.00,207595.00,-1.37,41940.00,69467.00,0.00,10021.00,6988.00,288079.00,-40472.00,-187656.00
2021-01-31,-0.25,-1.64,4.80,0.00,2.11,4.22,0.39,0.42,0.14,14.16,2.07,7.88,15.60,19.61,24.40,-0.12,1265.00,1689.00,276.10,251.00,NaN,9.99,-3137.00,-39256.00,201501.00,3.13,31846.00,54738.00,19227.00,20648.00,4319.00,156057.00,-11943.00,-91426.00
2021-02-01,-0.25,-2.78,6.48,0.00,2.63,4.40,0.56,0.65,0.26,16.24,2.10,7.76,13.60,18.13,23.70,0.16,1576.00,1761.00,392.10,392.30,NaN,3.34,-4464.00,-130775.00,341806.00,17.58,65687.00,80025.00,34128.00,40581.00,3079.00,66120.00,-69427.00,-299885.00
2021-02-02,-0.21,-2.92,1.21,0.00,1.95,4.16,0.00,0.00,0.16,21.47,2.83,8.74,13.40,21.14,27.90,-0.03,1168.00,1665.00,0.00,0.00,NaN,-5.65,-5506.00,-51802.00,36738.00,-0.76,137.00,-1855.00,0.00,0.00,2673.00,122726.00,-72638.00,-241705.00
2021-02-03,-0.20,-0.33,6.35,0.03,2.37,5.73,0.10,0.31,0.17,11.24,2.98,8.81,12.80,19.61,24.20,30.23,1424.00,2291.00,72.57,188.50,NaN,31.04,3468.00,2825.00,304073.00,904.30,84074.00,211634.00,4766.00,17605.00,6034.00,279889.00,62287.00,188779.00
2021-02-04,-0.16,-0.97,7.99,0.00,2.75,7.62,0.00,0.05,0.12,15.16,1.03,2.72,13.50,16.61,18.80,1.00,1650.00,3046.00,0.00,27.46,NaN,42.35,7059.00,29552.00,361625.00,101.10,115915.00,311866.00,0.00,3681.00,6120.00,554221.00,40524.00,106980.00
2021-02-05,-0.39,-5.77,0.37,0.00,1.93,4.17,0.00,0.00,0.36,28.53,1.45,4.35,16.50,18.05,20.10,-0.07,1155.00,1668.00,0.00,0.00,NaN,-14.05,-16725.00,-82330.00,2771.00,-1.67,-12105.00,-27112.00,0.00,0.00,-2911.00,-125064.00,-34864.00,-193340.00
2021-02-06,-0.33,-4.92,1.32,0.00,2.02,4.20,0.00,0.00,0.21,24.86,1.72,4.59,14.30,17.32,20.50,-0.09,1209.00,1679.00,0.00,0.00,NaN,-31.70,-20637.00,-153370.00,39829.00,-0.27,-32995.00,-77745.00,0.00,0.00,-2074.00,-412094.00,-105526.00,-302481.00
2021-02-07,-0.22,-0.96,5.15,0.00,2.17,4.26,0.00,0.00,0.21,12.43,2.77,5.68,13.00,19.05,25.40,-0.07,1302.00,1704.00,0.00,0.00,NaN,13.61,-2777.00,-3096.00,185897.00,-1.98,41149.00,67559.00,0.00,0.00,5740.00,219417.00,-22710.00,-62780.00
2021-02-08,-0.23,-2.18,0.85,0.00,2.05,4.16,0.00,0.00,0.20,18.54,2.70,8.92,19.20,23.64,30.10,-0.10,1228.00,1663.00,0.00,0.00,NaN,7.46,-2589.00,-20462.00,25514.00,0.72,21952.00,39872.00,0.00,0.00,3903.00,274036.00,-7421.00,-73547.00
2021-02-09,-0.22,-0.18,5.47,0.00,2.74,5.04,0.17,0.02,0.16,14.82,2.99,6.72,15.70,26.26,34.90,-0.02,1642.00,2017.00,120.20,9.39,NaN,32.91,2844.00,1469.00,236522.00,-0.15,94391.00,166288.00,7856.00,510.10,5937.00,355014.00,108974.00,261745.00
2021-02-10,-0.18,0.00,9.25,0.01,5.21,8.34,0.05,0.60,0.13,9.69,3.09,8.51,18.60,26.10,35.20,11.05,3128.00,3335.00,34.87,361.00,NaN,45.63,6031.00,0.00,477705.00,1780.00,289006.00,370673.00,5358.00,53096.00,8985.00,342750.00,134021.00,350687.00
2021-02-11,-0.23,-0.72,3.36,0.00,3.74,7.34,0.24,0.24,0.19,26.19,1.81,3.97,16.10,18.94,22.20,-0.01,2246.00,2934.00,168.40,145.80,NaN,31.15,3998.00,25561.00,112804.00,-0.10,119045.00,228198.00,12060.00,10438.00,7334.00,763720.00,45828.00,108030.00
2021-02-12,-0.21,-2.48,5.53,0.00,2.26,6.97,0.00,0.00,0.11,15.15,2.56,7.39,14.60,18.52,23.10,-0.01,1354.00,2790.00,0.00,0.00,NaN,15.86,-70.23,-55850.00,207599.00,-0.27,62758.00,122524.00,0.00,0.00,3956.00,309384.00,3584.00,-62378.00
2021-02-13,-0.21,-0.33,6.92,0.00,2.33,4.21,0.00,0.25,0.17,10.03,2.84,7.46,12.50,18.55,25.60,-0.04,1400.00,1685.00,0.00,150.10,NaN,10.56,-2286.00,-11165.00,279425.00,1.13,45524.00,64959.00,0.00,11228.00,5748.00,228028.00,-60539.00,-205182.00
2021-02-14,-0.19,-0.97,4.49,0.00,2.07,4.18,0.00,0.00,0.16,12.66,1.64,8.98,13.60,21.63,30.30,-0.06,1239.00,1671.00,0.00,0.00,NaN,-1.07,-4548.00,-12009.00,109233.00,-0.46,8934.00,8267.00,0.00,0.00,3678.00,175673.00,-38827.00,-285751.00
2021-02-15,-0.18,-0.88,3.41,0.00,2.51,4.19,0.00,0.00,0.16,17.97,3.24,8.96,17.70,27.12,34.40,-0.05,1505.00,1675.00,0.00,0.00,NaN,22.02,2344.00,3650.00,128176.00,-0.52,64788.00,87652.00,0.00,0.00,4380.00,395020.00,52875.00,128127.00
2021-02-16,-0.25,0.00,11.83,0.08,5.28,4.07,1.62,0.24,0.19,11.34,2.79,8.02,25.60,31.73,37.20,82.52,3171.00,1628.00,1133.00,145.30,NaN,59.46,10948.00,0.00,754307.00,12243.00,395149.00,236597.00,158068.00,17969.00,16570.00,510354.00,149004.00,427967.00
2021-02-17,-0.27,0.00,11.32,0.16,7.04,7.68,0.23,0.01,0.23,14.97,2.88,8.30,27.20,31.89,36.40,162.60,4227.00,3074.00,162.50,4.49,NaN,68.81,16081.00,0.00,857535.00,31190.00,609044.00,625075.00,37844.00,255.10,25408.00,701172.00,204679.00,509060.00
2021-02-18,-0.25,-0.27,6.77,0.00,6.30,6.59,0.27,0.41,0.19,24.52,3.17,8.55,22.00,29.04,35.60,3.58,3782.00,2635.00,190.10,246.60,NaN,37.59,4077.00,1203.00,381727.00,496.00,315687.00,323683.00,24765.00,35701.00,10267.00,700435.00,90045.00,226408.00
2021-02-19,-0.24,-0.36,7.28,0.02,8.42,4.87,0.78,1.29,0.20,21.83,2.31,5.32,17.50,23.03,29.80,17.24,5053.00,1947.00,548.00,777.00,NaN,50.57,6206.00,13312.00,459569.00,2000.00,514351.00,358301.00,62787.00,100362.00,13249.00,685383.00,125661.00,275028.00
2021-02-20,-0.22,-0.20,8.19,0.00,3.20,5.36,0.00,0.27,0.12,12.07,2.78,7.82,15.30,18.67,22.20,0.00,1918.00,2146.00,0.00,159.10,NaN,39.75,8144.00,5864.00,360738.00,0.00,137389.00,218079.00,0.00,15236.00,5119.00,473762.00,90002.00,251324.00
2021-02-21,-0.28,-2.02,4.33,0.00,2.22,5.91,0.00,0.00,0.25,12.53,1.96,8.45,15.00,18.77,22.80,-0.07,1330.00,2366.00,0.00,0.00,NaN,6.23,-6458.00,-60457.00,148375.00,-1.24,32989.00,112178.00,0.00,0.00,4941.00,185617.00,-15416.00,-194075.00
2021-02-22,-0.24,-2.31,3.51,0.00,2.12,4.50,0.00,0.00,0.21,19.10,2.40,7.19,12.70,16.72,21.90,-0.09,1273.00,1799.00,0.00,0.00,NaN,-5.60,-9097.00,-81947.00,95649.00,-1.61,11645.00,21707.00,0.00,0.00,2938.00,88586.00,-68195.00,-265747.00
2021-02-23,-0.22,-2.29,4.15,0.03,1.93,4.18,0.11,0.00,0.12,18.81,2.26,6.75,13.80,16.97,21.70,27.86,1159.00,1673.00,76.63,0.00,NaN,3.10,-4707.00,-58762.00,133829.00,-542.80,16909.00,36305.00,4323.00,0.00,2496.00,169447.00,-36046.00,-152126.00
2021-02-24,-0.19,-1.11,3.52,0.04,2.19,4.26,0.00,0.41,0.17,15.20,2.84,7.78,11.30,16.85,20.90,38.28,1314.00,1705.00,0.00,244.20,NaN,27.76,4645.00,18015.00,139040.00,1051.00,61343.00,115144.00,0.00,11205.00,4970.00,438509.00,51313.00,129076.00
2021-02-25,-0.34,0.00,4.35,0.05,5.91,2.97,1.92,0.41,0.23,10.99,1.35,7.60,14.30,18.05,23.60,54.69,3544.00,1188.00,1347.00,243.60,NaN,22.43,-45.07,0.00,155224.00,2142.00,227509.00,138249.00,97294.00,23129.00,12153.00,317753.00,17468.00,-195754.00
2021-02-26,-0.21,0.00,3.94,0.00,7.09,4.92,2.54,0.00,0.25,7.35,2.29,6.82,12.40,19.22,25.10,-0.23,4252.00,1969.00,1779.00,0.00,NaN,59.33,6138.00,0.00,258109.00,-15.40,507674.00,311592.00,201722.00,0.00,16391.00,456346.00,90077.00,227878.00
2021-02-27,-0.31,0.00,2.97,0.00,4.98,4.51,1.94,0.74,0.21,9.15,0.99,8.40,13.40,19.58,24.80,4.26,2989.00,1803.00,1355.00,445.10,NaN,17.60,-11587.00,-47.56,123792.00,763.90,264245.00,137365.00,134439.00,74099.00,14550.00,437199.00,25271.00,-608935.00
2021-02-28,-0.27,-0.09,3.18,0.00,5.46,4.69,1.94,1.54,0.26,7.71,0.92,8.18,13.50,18.78,25.30,-0.04,3278.00,1875.00,1358.00,925.50,NaN,-21.15,-57556.00,2314.00,120562.00,-4.17,223136.00,37593.00,113915.00,140003.00,11805.00,168666.00,18426.00,-1487655.00
2021-03-01,-0.24,-0.51,2.34,0.00,4.49,4.46,1.67,1.10,0.23,15.00,1.36,7.35,12.90,17.55,24.20,-0.24,2697.00,1783.00,1171.00,660.50,NaN,15.77,-6704.00,10026.00,91221.00,-17.66,185574.00,115140.00,87233.00,83163.00,6243.00,321628.00,-28179.00,-278084.00
2021-03-02,-0.32,-1.35,1.45,0.00,3.20,4.38,0.84,0.31,0.27,19.57,1.24,7.24,14.00,18.18,24.80,3.65,1919.00,1750.00,589.00,188.50,NaN,-6.71,-17564.00,-17192.00,20839.00,927.90,4807.00,-5536.00,30693.00,14845.00,10027.00,5290.00,-19083.00,-275347.00
2021-03-03,-0.24,-0.71,1.73,0.00,2.86,4.12,0.61,0.17,0.19,16.94,2.01,8.52,9.70,17.46,24.40,-0.37,1717.00,1648.00,424.60,99.62,NaN,28.14,3736.00,10971.00,72651.00,-12.83,86181.00,117003.00,18405.00,7585.00,7017.00,535192.00,37136.00,122838.00
2021-03-04,-0.22,-0.14,4.96,0.00,2.24,4.35,0.28,0.11,0.17,12.98,3.15,8.32,11.60,18.57,26.60,-0.37,1344.00,1740.00,197.20,67.93,NaN,28.01,4878.00,2067.00,187787.00,-11.33,67133.00,124008.00,11180.00,4524.00,6584.00,396531.00,61771.00,147921.00
2021-03-05,-0.22,-0.07,7.20,0.00,2.60,3.92,0.03,0.56,0.19,11.35,3.02,8.10,12.40,20.73,27.60,-0.20,1561.00,1566.00,21.76,335.80,NaN,30.68,5244.00,592.50,339633.00,-7.91,99822.00,120980.00,1701.00,33010.00,5543.00,374585.00,42975.00,101283.00
2021-03-06,-0.24,-1.06,4.25,0.00,2.21,4.25,0.08,0.81,0.14,13.58,2.42,7.45,19.40,22.80,28.10,0.43,1329.00,1700.00,59.24,485.20,NaN,19.96,1125.00,-6901.00,183955.00,76.25,50040.00,90292.00,5210.00,41347.00,6113.00,328542.00,-5841.00,-17740.00
2021-03-07,-0.20,-0.07,11.20,0.00,2.76,4.34,0.55,1.50,0.17,7.60,1.48,4.04,15.60,19.62,25.60,-0.02,1656.00,1736.00,385.70,901.40,NaN,46.07,6614.00,1926.00,557278.00,-0.75,140534.00,209360.00,32037.00,86376.00,9326.00,318512.00,48564.00,126943.00
2021-03-08,-0.16,-1.87,5.06,0.00,2.54,4.22,0.00,0.52,0.17,12.51,2.02,7.64,12.10,18.81,26.00,-0.13,1523.00,1689.00,0.00,314.10,NaN,35.70,4960.00,37964.00,219331.00,-3.96,89796.00,142732.00,0.00,26489.00,5549.00,414234.00,48293.00,176295.00
2021-03-09,-0.26,-3.64,0.49,0.00,2.09,4.16,0.14,0.12,0.21,22.06,1.97,8.06,16.20,19.71,26.00,-0.40,1254.00,1664.00,96.07,73.63,NaN,8.27,2079.00,-15955.00,18633.00,-5.90,24521.00,43235.00,5211.00,5029.00,4198.00,375992.00,-27605.00,-142434.00
2021-03-10,-0.25,-0.26,4.95,0.00,2.24,4.11,0.09,0.49,0.15,18.30,1.24,4.00,14.80,20.34,26.00,2.98,1342.00,1644.00,66.29,291.90,NaN,34.68,7157.00,6538.00,209109.00,122.10,79078.00,142114.00,4582.00,23324.00,5674.00,608318.00,32539.00,96776.00
2021-03-11,-0.23,0.00,10.13,0.00,3.29,4.51,0.50,1.24,0.20,5.73,2.92,7.44,14.30,23.80,31.80,-0.05,1973.00,1804.00,351.50,743.10,NaN,53.86,9728.00,0.00,590942.00,6.06,186293.00,248088.00,32774.00,87678.00,13134.00,321279.00,130266.00,304814.00
2021-03-12,-0.20,-0.18,6.05,1.27,4.07,5.05,2.87,0.49,0.24,8.50,1.67,7.75,13.20,18.13,22.50,1272.00,2442.00,2022.00,2007.00,296.00,NaN,1319.90,150664.00,552.50,8813898.00,6152672.00,7043982.00,9853838.00,12950416.00,23466.00,784531.00,3211947.00,262224.00,379889.00
2021-03-13,-0.35,-1.41,0.28,0.02,3.69,4.98,1.15,0.01,0.13,20.39,0.21,4.10,10.00,15.07,19.80,23.22,2216.00,1990.00,805.60,4.25,NaN,-62.12,-27331.00,-126460.00,13969.00,3039.00,-93515.00,-168399.00,-7512.00,278.00,-1920.00,-957236.00,-12866.00,-684558.00
2021-03-14,-0.21,-0.08,2.36,0.00,3.39,4.40,0.76,0.12,0.15,12.03,0.41,7.38,9.40,16.08,21.20,-0.11,2033.00,1761.00,531.50,70.93,NaN,-168.74,-63261.00,-45168.00,-59921.00,-0.24,-408993.00,-618465.00,-90483.00,4352.00,772.40,-533195.00,-39274.00,-3328317.00
2021-03-15,-0.12,0.00,4.20,0.06,6.71,4.71,2.59,1.59,0.16,7.33,1.79,5.22,14.50,19.15,23.00,57.87,4026.00,1882.00,1813.00,952.10,NaN,69.68,9216.00,0.00,293461.00,12564.00,519406.00,340178.00,221104.00,117994.00,10553.00,473160.00,103014.00,284898.00
2021-03-16,-0.27,-0.06,3.13,0.06,5.64,4.64,2.40,1.68,0.19,11.44,1.77,4.55,13.80,21.63,27.30,60.66,3382.00,1855.00,1683.00,1008.00,NaN,72.69,18530.00,1539.00,234044.00,7103.00,419655.00,336596.00,166657.00,122483.00,16554.00,619520.00,168041.00,446510.00
2021-03-17,-0.22,0.00,3.55,0.00,5.23,4.71,1.87,2.74,0.17,9.11,2.06,7.61,18.50,24.32,30.10,-0.01,3138.00,1885.00,1308.00,1642.00,NaN,61.55,10871.00,0.00,235753.00,-0.66,345687.00,302719.00,139936.00,194901.00,16489.00,584676.00,98329.00,337548.00
2021-03-18,-0.16,-0.04,2.89,0.00,4.00,4.18,1.05,1.10,0.14,16.94,1.47,7.33,19.00,24.74,29.90,-0.06,2401.00,1670.00,737.00,660.10,NaN,19.02,2525.00,1148.00,87522.00,-1.85,112243.00,88641.00,39653.00,31676.00,4594.00,461949.00,-3674.00,-86270.00
2021-03-19,-0.23,-2.29,1.63,0.00,2.43,4.08,0.00,0.00,0.23,25.77,1.09,6.51,20.40,25.86,31.30,0.97,1459.00,1630.00,0.00,0.00,NaN,5.60,-5439.00,-25922.00,52867.00,-27.88,34146.00,40536.00,0.00,0.00,5790.00,329891.00,-26313.00,-185923.00
2021-03-20,-0.26,-3.22,0.87,0.00,2.21,4.07,0.00,0.00,0.21,26.14,1.05,6.91,21.10,25.49,30.00,-0.03,1328.00,1628.00,0.00,0.00,NaN,7.17,-3039.00,-2479.00,24820.00,-0.90,24907.00,40332.00,0.00,0.00,4918.00,342903.00,-20805.00,-139429.00
2021-03-21,-0.27,-0.73,6.98,0.00,2.49,4.29,0.83,0.95,0.14,13.79,1.39,6.54,17.20,23.24,28.50,0.41,1495.00,1716.00,581.10,568.00,NaN,45.00,9781.00,18709.00,372550.00,44.48,116303.00,186911.00,51754.00,63356.00,9264.00,514777.00,50616.00,244653.00
2021-03-22,-0.21,0.00,11.06,0.00,5.56,4.78,0.76,3.29,0.23,5.74,1.68,6.57,13.80,19.20,23.20,-0.03,3337.00,1914.00,533.70,1976.00,NaN,71.15,13964.00,0.00,792508.00,-2.18,420344.00,344686.00,64499.00,240308.00,21232.00,369783.00,110914.00,429895.00
2021-03-23,-0.32,-2.21,5.65,0.00,5.06,4.31,0.70,1.52,0.29,12.50,2.32,7.24,17.10,19.08,21.80,-0.14,3036.00,1724.00,488.30,910.70,NaN,58.46,13017.00,46417.00,464709.00,-7.34,382580.00,276771.00,75564.00,133482.00,30365.00,454911.00,79134.00,209399.00
2021-03-24,-0.27,-2.42,4.71,0.00,2.08,4.14,0.31,0.63,0.23,18.50,2.28,5.15,14.60,18.04,21.50,1.03,1250.00,1656.00,215.80,375.20,NaN,17.02,-4683.00,-66007.00,180108.00,56.60,50540.00,97205.00,17085.00,33151.00,9072.00,412948.00,-7925.00,-120008.00
2021-03-25,-0.30,-2.40,4.16,0.00,3.94,4.45,0.63,1.49,0.24,14.09,2.56,5.62,13.40,17.48,22.10,-0.09,2365.00,1780.00,442.30,892.50,NaN,37.15,4473.00,20430.00,233071.00,-4.00,227580.00,170815.00,55339.00,111524.00,15033.00,368447.00,30429.00,43586.00
2021-03-26,-0.34,-1.84,4.59,0.00,3.92,6.14,1.01,1.88,0.30,13.93,1.23,3.45,13.70,17.30,21.10,3.18,2353.00,2457.00,705.70,1126.00,NaN,29.31,9588.00,-35450.00,252240.00,-238.70,167743.00,247162.00,54487.00,110882.00,10369.00,294933.00,-32678.00,-74589.00
2021-03-27,-0.33,-1.61,6.94,0.00,3.07,4.56,0.45,1.69,0.26,9.39,2.08,5.69,12.80,16.74,21.00,-0.12,1842.00,1825.00,313.80,1011.00,NaN,19.52,-7592.00,-80748.00,401544.00,-5.33,118479.00,139198.00,22686.00,97536.00,9535.00,164978.00,-32597.00,-204454.00
2021-03-28,-0.24,-0.21,7.61,0.00,3.06,4.52,0.44,1.91,0.14,5.27,2.62,6.06,11.00,17.69,23.20,-0.27,1836.00,1808.00,305.20,1144.00,NaN,42.18,7389.00,2090.00,407001.00,-14.19,147687.00,197931.00,27220.00,112971.00,6803.00,224740.00,60301.00,120395.00
2021-03-29,-0.24,0.00,6.34,0.00,2.58,5.60,0.57,0.89,0.23,9.28,2.76,7.06,13.70,20.59,25.80,-0.25,1549.00,2241.00,398.80,535.10,NaN,36.62,8776.00,0.00,259727.00,-10.36,102428.00,219617.00,30066.00,49462.00,11193.00,377386.00,70511.00,155792.00
2021-03-30,-0.28,-0.23,5.51,0.02,2.58,7.31,0.80,0.95,0.24,9.76,2.65,6.73,13.60,21.31,27.50,18.97,1548.00,2923.00,560.70,568.80,NaN,39.55,10251.00,12834.00,197743.00,779.20,120388.00,330239.00,59328.00,69240.00,18946.00,405357.00,61489.00,138579.00
2021-03-31,-0.21,-0.06,7.35,0.03,3.29,5.76,0.67,0.86,0.16,9.48,2.71,6.87,14.10,23.53,31.70,30.89,1971.00,2306.00,465.70,513.80,NaN,41.77,7359.00,1652.00,338082.00,1438.00,158186.00,237687.00,37888.00,52065.00,8579.00,375937.00,95711.00,226769.00
2021-04-01,-0.26,0.00,7.07,0.00,3.23,5.65,1.11,1.02,0.20,9.94,2.73,6.85,15.40,25.00,33.10,-0.04,1940.00,2261.00,778.00,612.00,NaN,43.72,10223.00,0.00,296960.00,-1.62,152644.00,252481.00,53792.00,56112.00,9314.00,381504.00,121309.00,307490.00
2021-04-02,-0.29,-0.08,8.93,0.00,2.33,5.88,0.30,0.61,0.23,7.72,2.69,6.75,17.50,25.36,33.30,-0.01,1395.00,2353.00,213.40,367.30,NaN,29.40,4206.00,-1180.00,366279.00,-0.30,75772.00,208836.00,18095.00,34604.00,9786.00,238600.00,28646.00,47395.00
2021-04-03,-0.24,-0.01,7.50,0.00,2.08,5.72,0.26,0.81,0.17,10.97,2.64,6.68,15.80,22.18,29.50,-0.02,1250.00,2287.00,184.40,487.00,NaN,17.04,-1289.00,-342.20,234438.00,-0.90,37956.00,142605.00,14323.00,41552.00,7217.00,169113.00,1278.00,-23506.00
2021-04-04,-0.29,-0.29,6.17,0.00,0.99,8.21,0.30,0.50,0.23,9.23,2.61,6.65,13.00,18.62,25.20,-0.01,591.10,3283.00,206.70,300.70,NaN,26.87,5619.00,-733.00,236831.00,-0.37,27181.00,230877.00,11640.00,21279.00,7898.00,321451.00,23243.00,35996.00
2021-04-05,-0.31,-0.19,7.16,0.00,1.96,5.74,0.25,0.55,0.22,8.65,2.65,6.58,11.30,18.32,27.90,-0.24,1174.00,2295.00,176.20,331.70,NaN,29.57,7323.00,684.10,283653.00,-8.29,57544.00,192036.00,9779.00,26223.00,8153.00,312970.00,29310.00,55573.00
2021-04-06,-0.20,0.00,8.28,0.00,2.39,7.39,0.00,0.59,0.17,8.19,2.66,6.63,11.60,18.60,26.10,-0.20,1432.00,2956.00,0.00,352.40,NaN,41.07,8205.00,0.00,364148.00,-9.25,99742.00,315941.00,0.00,30219.00,7365.00,327473.00,98059.00,231459.00
2021-04-07,-0.26,0.00,10.29,0.01,3.37,8.08,0.58,1.33,0.21,3.56,2.62,6.53,13.50,21.97,32.40,10.79,2024.00,3231.00,406.40,797.50,NaN,58.48,12544.00,0.00,552568.00,2097.00,242886.00,492114.00,59056.00,112376.00,23768.00,176741.00,135232.00,313944.00
2021-04-08,-0.31,-2.20,7.57,0.01,3.28,7.66,0.35,1.27,0.23,12.01,2.12,5.48,14.50,17.75,20.90,14.97,1968.00,3064.00,246.80,759.90,NaN,37.72,11506.00,-2668.00,398022.00,721.50,150429.00,348936.00,20401.00,69623.00,9089.00,331909.00,29396.00,46530.00
2021-04-09,-0.33,-0.03,5.56,0.00,2.54,7.56,0.09,0.62,0.24,12.23,1.34,5.50,14.00,16.42,18.90,-0.03,1527.00,3023.00,62.46,369.60,NaN,31.89,8621.00,704.50,194838.00,-0.73,89690.00,267442.00,5269.00,33890.00,10690.00,381680.00,24991.00,108437.00
2021-04-10,-0.41,-4.30,0.22,0.00,2.02,4.46,0.00,0.04,0.34,25.10,1.28,4.39,11.00,15.06,18.60,-0.13,1213.00,1783.00,0.00,21.84,NaN,-39.93,-21056.00,-213751.00,4420.00,-0.41,-45483.00,-92806.00,0.00,1450.00,-520.10,-476068.00,-101475.00,-377841.00
2021-04-11,-0.27,-2.60,0.87,0.00,2.60,5.63,0.11,0.48,0.19,20.14,1.60,3.80,8.10,14.60,21.10,-0.20,1562.00,2250.00,77.96,290.70,NaN,-3.41,-5425.00,-51522.00,32807.00,-1.70,25414.00,52849.00,5349.00,23630.00,4943.00,-70215.00,-27298.00,-101678.00
2021-04-12,-0.33,-3.76,1.02,0.00,3.98,7.37,0.53,0.86,0.28,17.57,2.06,6.25,15.80,19.78,23.20,-0.43,2391.00,2949.00,367.90,518.80,NaN,41.66,5196.00,102921.00,20565.00,-7.05,227822.00,317725.00,52526.00,77288.00,19977.00,490286.00,51663.00,127082.00
2021-04-13,-0.34,-3.86,0.30,0.00,2.38,4.09,0.00,0.06,0.27,30.06,0.71,2.29,15.30,17.46,20.00,-0.07,1429.00,1635.00,0.00,37.04,NaN,-2.72,-9955.00,-4235.00,1202.00,0.24,1889.00,-9658.00,0.00,1913.00,3352.00,42813.00,-26032.00,-99250.00
2021-04-14,-0.40,-3.56,1.74,0.01,3.88,3.52,0.90,1.01,0.25,21.57,1.59,5.04,13.00,16.24,20.40,8.33,2330.00,1407.00,627.20,607.50,NaN,-7.42,-3441.00,-120636.00,129092.00,1493.00,75171.00,27287.00,37210.00,81289.00,11195.00,-149314.00,-67013.00,-286033.00
2021-04-15,-0.30,-0.73,7.19,0.00,5.00,3.73,1.58,2.17,0.28,8.94,2.15,4.96,9.20,14.54,19.60,4.63,3000.00,1493.00,1109.00,1300.00,NaN,43.23,10672.00,1884.00,395909.00,848.70,266665.00,167116.00,97119.00,135016.00,17438.00,346550.00,22260.00,49990.00
2021-04-16,-0.33,0.00,7.37,0.01,6.16,3.98,3.28,2.08,0.26,5.02,1.90,4.86,11.00,15.28,19.40,14.64,3695.00,1593.00,2298.00,1250.00,NaN,70.34,16862.00,0.00,467583.00,2347.00,454823.00,272513.00,231231.00,136917.00,22399.00,318619.00,135750.00,374559.00
2021-04-17,-0.33,-1.35,4.84,0.02,6.95,4.08,1.83,2.18,0.25,6.78,2.32,5.06,13.20,15.79,19.50,16.50,4172.00,1634.00,1279.00,1308.00,NaN,66.47,11583.00,69109.00,335602.00,3254.00,540928.00,264489.00,166266.00,201184.00,22289.00,432054.00,46748.00,75541.00
2021-04-18,-0.28,-0.01,7.96,0.15,7.26,4.07,1.96,2.23,0.25,3.61,2.10,3.08,11.60,15.28,20.20,149.50,4354.00,1629.00,1373.00,1340.00,NaN,82.15,15809.00,2401.00,497150.00,36056.00,706765.00,333583.00,268167.00,250351.00,33998.00,300213.00,93935.00,123284.00
2021-04-19,-0.34,-0.63,5.99,0.14,7.22,4.24,3.86,2.45,0.28,6.71,2.06,3.78,7.00,12.98,17.40,143.40,4335.00,1695.00,2701.00,1471.00,NaN,80.71,18107.00,65614.00,420197.00,16301.00,645609.00,328158.00,397846.00,234656.00,35933.00,448351.00,103640.00,172093.00
2021-04-20,-0.39,-2.44,4.00,0.24,5.54,3.87,1.66,1.58,0.32,17.51,1.50,3.66,6.70,12.18,16.80,243.90,3321.00,1549.00,1159.00,945.90,NaN,61.91,15613.00,86447.00,193243.00,33985.00,440359.00,222077.00,206839.00,163437.00,31458.00,746461.00,49773.00,102532.00
2021-04-21,-0.42,-1.03,4.17,0.36,10.04,4.23,4.29,3.79,0.36,6.80,1.68,3.29,13.00,15.89,18.70,357.10,6026.00,1691.00,3006.00,2272.00,NaN,136.81,31299.00,233291.00,343698.00,72224.00,1320092.00,520392.00,749912.00,519568.00,69310.00,879092.00,145082.00,255111.00
2021-04-22,-0.47,-3.27,2.79,0.00,7.02,4.08,3.01,1.46,0.30,15.43,1.40,4.04,12.90,15.40,18.40,-0.32,4210.00,1631.00,2109.00,875.50,NaN,88.78,24781.00,246134.00,167950.00,-30.84,580318.00,299573.00,274173.00,132085.00,29467.00,1101431.00,85757.00,236022.00
2021-04-23,-0.32,-1.31,2.64,0.14,8.60,5.04,6.74,3.30,0.35,4.06,1.88,3.92,12.00,15.36,19.30,138.40,5160.00,2015.00,4715.00,1979.00,NaN,160.14,34992.00,225850.00,263347.00,36593.00,1314122.00,715752.00,1112148.00,519193.00,71879.00,580068.00,239496.00,497884.00
2021-04-24,-0.34,-1.09,6.23,0.00,5.12,8.25,1.08,1.78,0.24,3.97,2.18,4.71,8.70,14.59,19.80,-0.87,3072.00,3300.00,759.60,1071.00,NaN,65.86,18776.00,80887.00,352911.00,-52.20,358677.00,551987.00,90635.00,142393.00,17613.00,259729.00,82338.00,160615.00
2021-04-25,-0.32,-0.58,4.46,0.00,5.77,6.57,0.89,1.52,0.27,5.62,2.17,5.01,8.10,14.23,20.10,-0.77,3464.00,2628.00,621.10,911.40,NaN,64.23,15177.00,51054.00,227928.00,-45.00,403910.00,461978.00,84691.00,126628.00,23723.00,386233.00,76137.00,157636.00
2021-04-26,-0.36,-0.82,4.47,0.12,6.47,6.64,1.30,1.47,0.29,5.07,2.07,5.43,8.40,14.34,21.10,121.10,3880.00,2657.00,910.10,882.20,NaN,95.45,22806.00,92815.00,333608.00,29020.00,673526.00,666737.00,205084.00,185607.00,45022.00,445502.00,110080.00,259472.00
2021-04-27,-0.46,-0.26,5.87,0.24,5.99,9.55,0.92,1.66,0.38,3.61,2.21,5.16,8.40,14.28,20.40,238.50,3594.00,3819.00,646.50,992.80,NaN,99.77,31539.00,24060.00,466151.00,60782.00,692694.00,984974.00,158676.00,239247.00,73825.00,340662.00,127734.00,276945.00
2021-04-28,-0.13,-0.47,5.32,0.20,7.35,9.40,1.14,1.82,0.07,3.37,2.21,5.54,8.10,14.99,22.20,198.40,4411.00,3758.00,797.50,1093.00,NaN,97.10,8002.00,51493.00,432084.00,45957.00,843227.00,958142.00,176690.00,246470.00,8278.00,366085.00,103499.00,239045.00
2021-04-29,-0.10,-0.58,3.01,0.15,8.45,10.05,0.94,2.37,0.12,4.30,1.93,5.38,10.00,18.83,26.30,149.40,5067.00,4021.00,659.90,1420.00,NaN,92.68,8000.00,82923.00,188210.00,31069.00,844125.00,1001110.00,140296.00,270310.00,11636.00,368282.00,115974.00,275248.00
2021-04-30,-0.32,-1.18,2.60,0.00,3.40,7.32,0.82,0.94,0.24,13.93,1.89,5.37,17.40,23.23,28.70,-0.18,2039.00,2928.00,574.40,563.50,NaN,45.27,9060.00,16564.00,142042.00,-9.48,181541.00,368947.00,54517.00,65435.00,12858.00,589423.00,46410.00,98249.00
2021-05-01,-0.37,-6.50,0.02,0.00,2.04,5.29,0.13,0.27,0.27,27.67,1.14,3.63,12.10,16.31,20.80,-0.10,1227.00,2118.00,93.44,160.30,NaN,-2.14,-11482.00,-16012.00,700.50,-0.06,2558.00,24607.00,5173.00,9827.00,2548.00,35576.00,-18711.00,-106611.00
2021-05-02,-0.29,0.00,8.69,0.00,2.63,7.20,0.63,0.70,0.19,6.21,1.80,4.59,11.20,14.73,19.20,-0.52,1579.00,2880.00,438.90,418.10,NaN,18.31,-2067.00,0.00,176628.00,-10.51,70901.00,187332.00,37291.00,41345.00,6079.00,190918.00,-22735.00,-93445.00
2021-05-03,-0.29,-0.01,7.20,0.00,4.00,9.05,1.07,1.15,0.21,9.74,0.60,3.73,9.20,12.73,17.50,-0.85,2398.00,3622.00,746.70,690.00,NaN,56.06,16011.00,450.60,398842.00,-45.61,235494.00,504887.00,63912.00,71778.00,11672.00,492294.00,35651.00,212675.00
2021-05-04,-0.29,-2.50,2.56,0.00,3.59,8.75,0.37,0.40,0.30,18.55,1.95,4.29,7.40,12.50,18.80,-1.07,2152.00,3502.00,261.60,241.60,NaN,39.87,1546.00,64909.00,119502.00,-45.37,178782.00,399719.00,27282.00,36598.00,15943.00,585058.00,33981.00,50682.00
2021-05-05,-0.23,-0.59,5.50,0.00,4.53,10.71,0.63,0.30,0.12,10.80,1.91,4.50,9.00,16.00,21.50,-1.57,2715.00,4284.00,440.30,180.30,NaN,42.31,7242.00,15219.00,277946.00,-56.08,211363.00,482752.00,41312.00,19645.00,5321.00,376217.00,54372.00,123320.00
2021-05-06,-0.23,-0.35,6.46,0.04,4.75,11.81,0.87,0.61,0.22,9.51,1.36,2.92,14.20,17.73,22.20,35.55,2849.00,4725.00,608.30,363.40,NaN,67.68,11078.00,56606.00,285096.00,9412.00,442186.00,802838.00,105293.00,96074.00,21412.00,552934.00,59431.00,126970.00
2021-05-07,-0.39,-0.33,2.15,0.15,4.60,8.53,1.56,1.44,0.29,13.27,1.36,3.37,11.90,14.87,19.30,148.10,2761.00,3412.00,1091.00,865.80,NaN,78.72,18908.00,11963.00,140104.00,40248.00,503459.00,727567.00,241805.00,214706.00,27244.00,683377.00,63120.00,161490.00
2021-05-08,-0.32,-0.01,6.44,0.00,5.80,9.80,0.92,1.80,0.24,6.25,0.88,2.19,12.50,14.65,18.60,4.49,3481.00,3921.00,643.50,1079.00,NaN,76.85,22397.00,1350.00,482370.00,415.80,480813.00,742694.00,84050.00,158284.00,21060.00,386374.00,66024.00,167013.00
2021-05-09,-0.21,-0.22,7.14,0.00,5.19,8.72,0.39,0.98,0.18,5.42,1.58,3.87,12.40,14.26,16.60,-0.90,3114.00,3488.00,269.60,588.10,NaN,48.13,6255.00,-1436.00,423110.00,-46.66,289518.00,498854.00,27576.00,69287.00,11552.00,194799.00,29965.00,40516.00
2021-05-10,-0.33,-4.16,1.65,0.00,3.83,5.99,0.14,0.50,0.29,26.22,0.88,3.52,10.80,12.92,15.40,-0.82,2300.00,2394.00,100.00,301.80,NaN,19.07,-5705.00,20456.00,84609.00,-4.38,97948.00,166633.00,9063.00,28697.00,8190.00,396551.00,-12189.00,-59398.00
2021-05-11,-0.34,-0.06,7.03,0.16,6.28,8.40,1.18,1.04,0.28,10.21,1.02,3.34,5.50,10.99,16.50,155.10,3770.00,3361.00,826.00,623.50,NaN,78.16,17489.00,12891.00,404081.00,40207.00,580818.00,672268.00,158041.00,139356.00,26399.00,721879.00,58369.00,180130.00
2021-05-12,-0.34,-0.10,5.57,0.17,7.67,9.74,2.05,1.96,0.28,5.42,2.00,4.57,9.60,12.60,16.10,167.40,4602.00,3895.00,1437.00,1176.00,NaN,181.76,19252.00,95317.00,529837.00,201742.00,1788143.00,1816760.00,762748.00,640716.00,164056.00,671147.00,130398.00,263895.00
2021-05-13,-0.29,-2.96,0.94,0.00,4.16,7.87,1.18,0.92,0.23,25.60,1.08,2.23,11.80,14.04,16.30,-0.67,2498.00,3147.00,825.10,554.80,NaN,55.25,11654.00,142266.00,44492.00,-29.98,209160.00,375162.00,68130.00,53614.00,12435.00,1204328.00,44893.00,96405.00
2021-05-14,-0.32,-1.82,1.42,0.00,3.25,8.44,0.36,1.23,0.26,21.78,1.22,3.25,11.60,13.70,16.50,-1.75,1949.00,3376.00,251.20,737.40,NaN,52.26,11216.00,63318.00,74804.00,-83.56,180867.00,415521.00,26490.00,87614.00,14926.00,988678.00,50998.00,126787.00
2021-05-15,-0.39,-0.29,4.25,0.00,4.39,6.43,1.16,1.02,0.32,15.31,1.38,2.70,11.80,14.45,17.40,-1.09,2636.00,2571.00,811.90,612.80,NaN,52.20,11173.00,18238.00,179111.00,-54.15,307750.00,395896.00,101449.00,93766.00,25053.00,629074.00,53398.00,78617.00
2021-05-16,-0.28,0.00,11.12,0.00,4.76,7.57,0.76,0.75,0.18,6.61,1.04,2.70,11.70,14.43,17.70,-0.97,2857.00,3030.00,529.30,449.80,NaN,53.16,14369.00,0.00,581079.00,-47.94,269379.00,407713.00,51275.00,51576.00,10681.00,346065.00,39826.00,100101.00
2021-05-17,-0.33,-0.08,9.27,0.33,7.65,10.07,2.66,2.30,0.31,2.04,1.62,2.79,6.70,12.49,18.40,330.60,4587.00,4030.00,1859.00,1378.00,NaN,287.00,29180.00,379103.00,639323.00,467201.00,2734105.00,2794218.00,1929521.00,1082203.00,277050.00,350890.00,157772.00,239452.00
2021-05-18,-0.44,-1.83,3.81,0.49,8.81,9.98,2.48,2.53,0.32,5.56,2.05,4.88,11.60,15.10,19.80,492.60,5285.00,3991.00,1737.00,1519.00,NaN,533.13,31149.00,1802582.00,261328.00,955162.00,4832619.00,4679054.00,3425834.00,1911870.00,737369.00,1400736.00,203544.00,359232.00
2021-05-19,-0.40,-1.51,2.62,0.12,5.56,6.18,1.26,1.55,0.34,18.90,1.20,3.49,11.90,16.02,20.90,119.10,3335.00,2471.00,880.50,931.10,NaN,58.47,13629.00,67713.00,142716.00,19376.00,413406.00,326660.00,143261.00,160308.00,29416.00,865653.00,37306.00,78625.00
2021-05-20,-0.33,-0.19,4.96,0.13,7.90,8.69,2.25,2.25,0.25,7.76,1.27,3.13,7.70,16.86,24.60,133.50,4741.00,3476.00,1573.00,1348.00,NaN,74.02,12289.00,15163.00,276532.00,8615.00,684023.00,697725.00,231133.00,234061.00,24507.00,313057.00,94589.00,226534.00
2021-05-21,-0.45,-1.04,2.06,0.09,7.03,9.18,2.19,2.09,0.33,9.43,1.20,4.58,13.70,17.41,23.50,85.15,4217.00,3672.00,1536.00,1254.00,NaN,94.25,27102.00,137053.00,160289.00,14029.00,674620.00,838579.00,266502.00,213079.00,54544.00,738962.00,66926.00,266233.00
2021-05-22,-0.33,-0.10,4.32,0.03,6.02,6.32,1.08,1.36,0.26,8.23,1.92,4.34,13.80,19.15,24.50,32.33,3615.00,2529.00,754.00,814.60,NaN,61.67,12569.00,558.10,235221.00,7840.00,495144.00,462884.00,131779.00,145435.00,25766.00,402028.00,52852.00,90886.00
2021-05-23,-0.31,-5.37,1.03,0.00,2.86,5.36,0.55,0.68,0.28,22.08,1.47,4.08,18.50,21.62,25.10,-1.65,1714.00,2143.00,385.00,406.30,NaN,46.89,6573.00,196757.00,42657.00,-51.93,154733.00,246971.00,52731.00,72394.00,12718.00,696912.00,12467.00,38185.00
2021-05-24,-0.34,-4.60,0.00,0.00,2.73,4.19,0.63,0.37,0.28,30.08,0.90,2.76,11.80,15.49,23.40,-1.10,1641.00,1674.00,441.70,221.90,NaN,24.41,930.00,73130.00,0.00,-17.21,79574.00,83799.00,33557.00,21757.00,10252.00,598314.00,7618.00,-5658.00
2021-05-25,0.00,0.00,0.00,0.00,0.00,0.00,0.00,0.00,0.00,0.00,0.00,0.00,12.90,14.24,16.30,0.00,0.00,0.00,0.00,0.00,NaN,0.00,0.00,0.00,0.00,0.00,0.00,0.00,0.00,0.00,0.00,0.00,0.00,0.00
2021-05-26,0.00,0.00,0.00,0.00,0.00,0.00,0.00,0.00,0.00,0.00,0.00,0.00,9.70,13.55,17.50,0.00,0.00,0.00,0.00,0.00,NaN,0.00,0.00,0.00,0.00,0.00,0.00,0.00,0.00,0.00,0.00,0.00,0.00,0.00
2021-05-27,0.00,0.00,0.00,0.00,0.00,0.00,0.00,0.00,0.00,0.00,0.00,0.00,8.80,12.67,17.20,0.00,0.00,0.00,0.00,0.00,NaN,0.00,0.00,0.00,0.00,0.00,0.00,0.00,0.00,0.00,0.00,0.00,0.00,0.00
2021-05-28,0.00,0.00,0.00,0.00,0.00,0.00,0.00,0.00,0.00,0.00,0.00,0.00,5.60,10.22,16.00,0.00,0.00,0.00,0.00,0.00,NaN,0.00,0.00,0.00,0.00,0.00,0.00,0.00,0.00,0.00,0.00,0.00,0.00,0.00
2021-05-29,0.00,0.00,0.00,0.00,0.00,0.00,0.00,0.00,0.00,0.00,0.00,0.00,0.00,0.00,0.00,0.00,0.00,0.00,0.00,0.00,NaN,0.00,0.00,0.00,0.00,0.00,0.00,0.00,0.00,0.00,0.00,0.00,0.00,0.00